Datum,Středisko,Počet
2024-08-31,Vodní svět Čapkárna,103
2024-08-31,Krytý bazén Poruba,582
2024-08-31,Ozdravné centrum Ještěrka,100
2024-08-31,Vodní areál Jih,246
2024-08-31,Letní koupaliště Poruba,627
2024-08-30,Vodní svět Čapkárna,599
2024-08-30,Krytý bazén Poruba,1206
2024-08-30,Ozdravné centrum Ještěrka,174
2024-08-30,Vodní areál Jih,1444
2024-08-30,Letní koupaliště Poruba,1646
2024-08-29,Vodní svět Čapkárna,591
2024-08-29,Krytý bazén Poruba,1227
2024-08-29,Ozdravné centrum Ještěrka,241
2024-08-29,Vodní areál Jih,1351
2024-08-29,Letní koupaliště Poruba,1864
2024-08-28,Krytý bazén Poruba,914
2024-08-28,Ozdravné centrum Ještěrka,174
2024-08-28,Vodní areál Jih,779
2024-08-28,Letní koupaliště Poruba,863
2024-08-28,Vodní svět Čapkárna,416
2024-08-27,Vodní svět Čapkárna,4
2024-08-27,Krytý bazén Poruba,412
2024-08-27,Ozdravné centrum Ještěrka,106
2024-08-27,Vodní areál Jih,25
2024-08-27,Letní koupaliště Poruba,7
2024-08-26,Ozdravné centrum Ještěrka,94
2024-08-26,Vodní areál Jih,21
2024-08-26,Letní koupaliště Poruba,0
2024-08-26,Vodní svět Čapkárna,0
2024-08-26,Krytý bazén Poruba,321
2024-08-25,Vodní svět Čapkárna,693
2024-08-25,Krytý bazén Poruba,1240
2024-08-25,Ozdravné centrum Ještěrka,201
2024-08-25,Vodní areál Jih,1946
2024-08-25,Letní koupaliště Poruba,3400
2024-08-24,Ozdravné centrum Ještěrka,216
2024-08-24,Vodní areál Jih,2410
2024-08-24,Letní koupaliště Poruba,3848
2024-08-24,Vodní svět Čapkárna,790
2024-08-24,Krytý bazén Poruba,1356
2024-08-23,Vodní svět Čapkárna,227
2024-08-23,Krytý bazén Poruba,656
2024-08-23,Ozdravné centrum Ještěrka,114
2024-08-23,Vodní areál Jih,380
2024-08-23,Letní koupaliště Poruba,500
2024-08-22,Vodní areál Jih,0
2024-08-22,Letní koupaliště Poruba,0
2024-08-22,Vodní svět Čapkárna,0
2024-08-22,Krytý bazén Poruba,360
2024-08-22,Ozdravné centrum Ještěrka,137
2024-08-21,Vodní svět Čapkárna,1
2024-08-21,Krytý bazén Poruba,547
2024-08-21,Ozdravné centrum Ještěrka,130
2024-08-21,Vodní areál Jih,2
2024-08-21,Letní koupaliště Poruba,0
2024-08-20,Letní koupaliště Poruba,5
2024-08-20,Vodní svět Čapkárna,5
2024-08-20,Krytý bazén Poruba,464
2024-08-20,Ozdravné centrum Ještěrka,134
2024-08-20,Vodní areál Jih,3
2024-08-19,Vodní svět Čapkárna,2
2024-08-19,Krytý bazén Poruba,344
2024-08-19,Ozdravné centrum Ještěrka,101
2024-08-19,Vodní areál Jih,4
2024-08-19,Letní koupaliště Poruba,0
2024-08-18,Letní koupaliště Poruba,479
2024-08-18,Vodní svět Čapkárna,261
2024-08-18,Krytý bazén Poruba,623
2024-08-18,Ozdravné centrum Ještěrka,148
2024-08-18,Vodní areál Jih,274
2024-08-17,Vodní svět Čapkárna,328
2024-08-17,Krytý bazén Poruba,707
2024-08-17,Ozdravné centrum Ještěrka,123
2024-08-17,Vodní areál Jih,330
2024-08-17,Letní koupaliště Poruba,482
2024-08-16,Vodní svět Čapkárna,1016
2024-08-16,Krytý bazén Poruba,1095
2024-08-16,Ozdravné centrum Ještěrka,169
2024-08-16,Vodní areál Jih,2063
2024-08-16,Letní koupaliště Poruba,2730
2024-08-15,Vodní svět Čapkárna,314
2024-08-15,Krytý bazén Poruba,610
2024-08-15,Ozdravné centrum Ještěrka,144
2024-08-15,Vodní areál Jih,643
2024-08-15,Letní koupaliště Poruba,1855
2024-08-14,Vodní svět Čapkárna,1357
2024-08-14,Krytý bazén Poruba,1610
2024-08-14,Ozdravné centrum Ještěrka,230
2024-08-14,Vodní areál Jih,2839
2024-08-14,Letní koupaliště Poruba,3393
2024-08-13,Krytý bazén Poruba,1359
2024-08-13,Ozdravné centrum Ještěrka,221
2024-08-13,Vodní areál Jih,1844
2024-08-13,Letní koupaliště Poruba,2508
2024-08-13,Vodní svět Čapkárna,899
2024-08-12,Vodní svět Čapkárna,604
2024-08-12,Krytý bazén Poruba,1019
2024-08-12,Ozdravné centrum Ještěrka,162
2024-08-12,Vodní areál Jih,1237
2024-08-12,Letní koupaliště Poruba,1599
2024-08-11,Krytý bazén Poruba,1080
2024-08-11,Ozdravné centrum Ještěrka,191
2024-08-11,Vodní areál Jih,1798
2024-08-11,Letní koupaliště Poruba,3583
2024-08-11,Vodní svět Čapkárna,664
2024-08-10,Vodní svět Čapkárna,355
2024-08-10,Krytý bazén Poruba,617
2024-08-10,Ozdravné centrum Ještěrka,127
2024-08-10,Vodní areál Jih,674
2024-08-10,Letní koupaliště Poruba,1187
2024-08-09,Ozdravné centrum Ještěrka,104
2024-08-09,Vodní areál Jih,285
2024-08-09,Letní koupaliště Poruba,397
2024-08-09,Vodní svět Čapkárna,229
2024-08-09,Krytý bazén Poruba,588
2024-08-08,Vodní svět Čapkárna,208
2024-08-08,Krytý bazén Poruba,492
2024-08-08,Ozdravné centrum Ještěrka,97
2024-08-08,Vodní areál Jih,137
2024-08-08,Letní koupaliště Poruba,1
2024-08-06,Vodní areál Jih,117
2024-08-06,Letní koupaliště Poruba,14
2024-08-06,Vodní svět Čapkárna,207
2024-08-06,Krytý bazén Poruba,417
2024-08-06,Ozdravné centrum Ještěrka,97
2024-08-05,Vodní svět Čapkárna,176
2024-08-05,Krytý bazén Poruba,373
2024-08-05,Ozdravné centrum Ještěrka,83
2024-08-05,Vodní areál Jih,0
2024-08-05,Letní koupaliště Poruba,0
2024-08-04,Vodní areál Jih,40
2024-08-04,Letní koupaliště Poruba,0
2024-08-04,Vodní svět Čapkárna,145
2024-08-04,Krytý bazén Poruba,403
2024-08-04,Ozdravné centrum Ještěrka,106
2024-08-03,Vodní svět Čapkárna,155
2024-08-03,Krytý bazén Poruba,352
2024-08-03,Ozdravné centrum Ještěrka,108
2024-08-03,Vodní areál Jih,0
2024-08-03,Letní koupaliště Poruba,0
2024-08-02,Letní koupaliště Poruba,0
2024-08-02,Vodní svět Čapkárna,146
2024-08-02,Krytý bazén Poruba,438
2024-08-02,Ozdravné centrum Ještěrka,74
2024-08-02,Vodní areál Jih,11
2024-08-01,Vodní svět Čapkárna,213
2024-08-01,Krytý bazén Poruba,369
2024-08-01,Ozdravné centrum Ještěrka,120
2024-08-01,Vodní areál Jih,50
2024-08-01,Letní koupaliště Poruba,10
2024-07-31,Vodní svět Čapkárna,842
2024-07-31,Krytý bazén Poruba,1341
2024-07-31,Ozdravné centrum Ještěrka,177
2024-07-31,Vodní areál Jih,1911
2024-07-31,Letní koupaliště Poruba,2900
2024-07-30,Vodní svět Čapkárna,189
2024-07-30,Krytý bazén Poruba,716
2024-07-30,Ozdravné centrum Ještěrka,148
2024-07-30,Vodní areál Jih,540
2024-07-30,Letní koupaliště Poruba,772
2024-07-29,Vodní svět Čapkárna,131
2024-07-29,Krytý bazén Poruba,436
2024-07-29,Ozdravné centrum Ještěrka,82
2024-07-29,Vodní areál Jih,148
2024-07-29,Letní koupaliště Poruba,209
2024-07-28,Vodní svět Čapkárna,167
2024-07-28,Krytý bazén Poruba,380
2024-07-28,Ozdravné centrum Ještěrka,90
2024-07-28,Vodní areál Jih,23
2024-07-28,Letní koupaliště Poruba,52
2024-07-27,Vodní svět Čapkárna,1186
2024-07-27,Krytý bazén Poruba,1402
2024-07-27,Ozdravné centrum Ještěrka,233
2024-07-27,Vodní areál Jih,3157
2024-07-27,Letní koupaliště Poruba,5592
2024-07-26,Krytý bazén Poruba,650
2024-07-26,Ozdravné centrum Ještěrka,127
2024-07-26,Vodní areál Jih,508
2024-07-26,Letní koupaliště Poruba,782
2024-07-26,Vodní svět Čapkárna,347
2024-07-25,Vodní svět Čapkárna,145
2024-07-25,Krytý bazén Poruba,394
2024-07-25,Ozdravné centrum Ještěrka,86
2024-07-25,Vodní areál Jih,43
2024-07-25,Letní koupaliště Poruba,0
2024-07-24,Ozdravné centrum Ještěrka,90
2024-07-24,Vodní areál Jih,0
2024-07-24,Letní koupaliště Poruba,0
2024-07-24,Vodní svět Čapkárna,205
2024-07-24,Krytý bazén Poruba,395
2024-07-23,Vodní svět Čapkárna,299
2024-07-23,Krytý bazén Poruba,525
2024-07-23,Ozdravné centrum Ještěrka,117
2024-07-23,Vodní areál Jih,331
2024-07-23,Letní koupaliště Poruba,525
2024-07-22,Ozdravné centrum Ještěrka,199
2024-07-22,Vodní areál Jih,1835
2024-07-22,Letní koupaliště Poruba,2236
2024-07-22,Vodní svět Čapkárna,862
2024-07-22,Krytý bazén Poruba,1107
2024-07-21,Vodní svět Čapkárna,1283
2024-07-21,Krytý bazén Poruba,1388
2024-07-21,Ozdravné centrum Ještěrka,222
2024-07-21,Vodní areál Jih,3259
2024-07-21,Letní koupaliště Poruba,5959
2024-07-20,Vodní areál Jih,651
2024-07-20,Letní koupaliště Poruba,1677
2024-07-20,Vodní svět Čapkárna,417
2024-07-20,Krytý bazén Poruba,587
2024-07-20,Ozdravné centrum Ještěrka,96
2024-07-19,Vodní svět Čapkárna,586
2024-07-19,Krytý bazén Poruba,944
2024-07-19,Ozdravné centrum Ještěrka,197
2024-07-19,Vodní areál Jih,1149
2024-07-18,Vodní svět Čapkárna,635
2024-07-18,Krytý bazén Poruba,1068
2024-07-18,Ozdravné centrum Ještěrka,110
2024-07-18,Vodní areál Jih,1320
2024-07-18,Letní koupaliště Poruba,1728
2024-07-17,Vodní svět Čapkárna,227
2024-07-17,Krytý bazén Poruba,561
2024-07-17,Ozdravné centrum Ještěrka,136
2024-07-17,Vodní areál Jih,274
2024-07-17,Letní koupaliště Poruba,302
2024-07-16,Vodní svět Čapkárna,508
2024-07-16,Krytý bazén Poruba,1033
2024-07-16,Ozdravné centrum Ještěrka,171
2024-07-16,Vodní areál Jih,758
2024-07-16,Letní koupaliště Poruba,818
2024-07-15,Vodní svět Čapkárna,610
2024-07-15,Krytý bazén Poruba,1141
2024-07-15,Ozdravné centrum Ještěrka,179
2024-07-15,Vodní areál Jih,1252
2024-07-15,Letní koupaliště Poruba,1764
2024-07-14,Vodní svět Čapkárna,232
2024-07-14,Krytý bazén Poruba,699
2024-07-14,Ozdravné centrum Ještěrka,122
2024-07-14,Vodní areál Jih,787
2024-07-14,Letní koupaliště Poruba,1436
2024-07-13,Krytý bazén Poruba,636
2024-07-13,Ozdravné centrum Ještěrka,132
2024-07-13,Vodní areál Jih,436
2024-07-13,Letní koupaliště Poruba,933
2024-07-13,Vodní svět Čapkárna,247
2024-07-12,Vodní svět Čapkárna,303
2024-07-12,Krytý bazén Poruba,741
2024-07-12,Ozdravné centrum Ještěrka,133
2024-07-12,Vodní areál Jih,421
2024-07-12,Letní koupaliště Poruba,679
2024-07-11,Ozdravné centrum Ještěrka,153
2024-07-11,Vodní areál Jih,697
2024-07-11,Letní koupaliště Poruba,871
2024-07-11,Vodní svět Čapkárna,455
2024-07-11,Krytý bazén Poruba,788
2024-07-10,Vodní svět Čapkárna,1462
2024-07-10,Krytý bazén Poruba,1858
2024-07-10,Ozdravné centrum Ještěrka,289
2024-07-10,Vodní areál Jih,3129
2024-07-10,Letní koupaliště Poruba,4538
2024-07-09,Ozdravné centrum Ještěrka,148
2024-07-09,Vodní areál Jih,758
2024-07-09,Letní koupaliště Poruba,969
2024-07-09,Vodní svět Čapkárna,396
2024-07-09,Krytý bazén Poruba,854
2024-07-08,Vodní svět Čapkárna,105
2024-07-08,Krytý bazén Poruba,335
2024-07-08,Ozdravné centrum Ještěrka,114
2024-07-08,Vodní areál Jih,10
2024-07-08,Letní koupaliště Poruba,0
2024-07-07,Vodní areál Jih,0
2024-07-07,Letní koupaliště Poruba,0
2024-07-07,Vodní svět Čapkárna,136
2024-07-07,Krytý bazén Poruba,378
2024-07-07,Ozdravné centrum Ještěrka,121
2024-07-06,Vodní svět Čapkárna,936
2024-07-06,Krytý bazén Poruba,1269
2024-07-06,Ozdravné centrum Ještěrka,184
2024-07-06,Vodní areál Jih,1899
2024-07-06,Letní koupaliště Poruba,3615
2024-07-05,Letní koupaliště Poruba,14
2024-07-05,Vodní svět Čapkárna,109
2024-07-05,Krytý bazén Poruba,389
2024-07-05,Ozdravné centrum Ještěrka,82
2024-07-05,Vodní areál Jih,69
2024-07-04,Vodní svět Čapkárna,201
2024-07-04,Krytý bazén Poruba,365
2024-07-04,Ozdravné centrum Ještěrka,82
2024-07-04,Vodní areál Jih,0
2024-07-04,Letní koupaliště Poruba,1
2024-07-03,Letní koupaliště Poruba,0
2024-07-03,Vodní svět Čapkárna,159
2024-07-03,Krytý bazén Poruba,393
2024-07-03,Ozdravné centrum Ještěrka,66
2024-07-03,Vodní areál Jih,0
2024-07-02,Vodní svět Čapkárna,188
2024-07-02,Krytý bazén Poruba,351
2024-07-02,Ozdravné centrum Ještěrka,71
2024-07-02,Vodní areál Jih,6
2024-07-02,Letní koupaliště Poruba,0
2024-07-01,Vodní svět Čapkárna,148
2024-07-01,Krytý bazén Poruba,376
2024-07-01,Ozdravné centrum Ještěrka,74
2024-07-01,Vodní areál Jih,1
2024-07-01,Letní koupaliště Poruba,0
2024-06-30,Vodní svět Čapkárna,655
2024-06-30,Krytý bazén Poruba,1067
2024-06-30,Ozdravné centrum Ještěrka,119
2024-06-30,Vodní areál Jih,1497
2024-06-30,Letní koupaliště Poruba,3211
2024-06-29,Vodní svět Čapkárna,1333
2024-06-29,Krytý bazén Poruba,1485
2024-06-29,Ozdravné centrum Ještěrka,173
2024-06-29,Vodní areál Jih,2690
2024-06-29,Letní koupaliště Poruba,4112
2024-06-28,Krytý bazén Poruba,975
2024-06-28,Ozdravné centrum Ještěrka,120
2024-06-28,Vodní areál Jih,885
2024-06-28,Letní koupaliště Poruba,1214
2024-06-28,Vodní svět Čapkárna,506
2024-06-27,Vodní svět Čapkárna,119
2024-06-27,Krytý bazén Poruba,425
2024-06-27,Ozdravné centrum Ještěrka,82
2024-06-27,Vodní areál Jih,33
2024-06-27,Letní koupaliště Poruba,12
2024-06-26,Krytý bazén Poruba,777
2024-06-26,Ozdravné centrum Ještěrka,116
2024-06-26,Vodní areál Jih,606
2024-06-26,Letní koupaliště Poruba,58
2024-06-26,Vodní svět Čapkárna,315
2024-06-25,Vodní svět Čapkárna,417
2024-06-25,Krytý bazén Poruba,694
2024-06-25,Ozdravné centrum Ještěrka,110
2024-06-25,Vodní areál Jih,738
2024-06-25,Letní koupaliště Poruba,59
2024-06-24,Ozdravné centrum Ještěrka,71
2024-06-24,Vodní areál Jih,34
2024-06-24,Letní koupaliště Poruba,2
2024-06-24,Vodní svět Čapkárna,117
2024-06-24,Krytý bazén Poruba,333
2024-06-23,Vodní svět Čapkárna,368
2024-06-23,Krytý bazén Poruba,1047
2024-06-23,Ozdravné centrum Ještěrka,123
2024-06-23,Vodní areál Jih,615
2024-06-23,Letní koupaliště Poruba,64
2024-06-22,Vodní areál Jih,86
2024-06-22,Letní koupaliště Poruba,0
2024-06-22,Vodní svět Čapkárna,119
2024-06-22,Krytý bazén Poruba,486
2024-06-22,Ozdravné centrum Ještěrka,73
2024-06-21,Vodní svět Čapkárna,471
2024-06-21,Krytý bazén Poruba,1050
2024-06-21,Ozdravné centrum Ještěrka,158
2024-06-21,Vodní areál Jih,1235
2024-06-21,Letní koupaliště Poruba,1295
2024-06-20,Vodní areál Jih,25
2024-06-20,Letní koupaliště Poruba,17
2024-06-20,Vodní svět Čapkárna,99
2024-06-20,Krytý bazén Poruba,396
2024-06-20,Ozdravné centrum Ještěrka,76
2024-06-18,Vodní svět Čapkárna,521
2024-06-18,Krytý bazén Poruba,983
2024-06-18,Ozdravné centrum Ještěrka,101
2024-06-18,Vodní areál Jih,580
2024-06-18,Letní koupaliště Poruba,59
2024-06-17,Letní koupaliště Poruba,32
2024-06-17,Vodní svět Čapkárna,113
2024-06-17,Krytý bazén Poruba,576
2024-06-17,Ozdravné centrum Ještěrka,116
2024-06-17,Vodní areál Jih,203
2024-06-16,Vodní svět Čapkárna,208
2024-06-16,Krytý bazén Poruba,544
2024-06-16,Ozdravné centrum Ještěrka,105
2024-06-16,Vodní areál Jih,0
2024-06-16,Letní koupaliště Poruba,0
2024-06-15,Vodní svět Čapkárna,407
2024-06-15,Krytý bazén Poruba,781
2024-06-15,Ozdravné centrum Ještěrka,84
2024-06-15,Vodní areál Jih,505
2024-06-15,Letní koupaliště Poruba,487
2024-06-14,Vodní svět Čapkárna,102
2024-06-14,Krytý bazén Poruba,383
2024-06-14,Ozdravné centrum Ještěrka,101
2024-06-14,Vodní areál Jih,0
2024-06-14,Letní koupaliště Poruba,3
2024-06-13,Vodní svět Čapkárna,117
2024-06-13,Krytý bazén Poruba,267
2024-06-13,Ozdravné centrum Ještěrka,92
2024-06-13,Vodní areál Jih,0
2024-06-13,Letní koupaliště Poruba,0
2024-06-12,Vodní svět Čapkárna,149
2024-06-12,Krytý bazén Poruba,356
2024-06-12,Ozdravné centrum Ještěrka,89
2024-06-12,Vodní areál Jih,0
2024-06-12,Letní koupaliště Poruba,0
2024-06-11,Vodní svět Čapkárna,153
2024-06-11,Krytý bazén Poruba,356
2024-06-11,Ozdravné centrum Ještěrka,80
2024-06-11,Vodní areál Jih,0
2024-06-11,Letní koupaliště Poruba,0
2024-06-10,Krytý bazén Poruba,351
2024-06-10,Ozdravné centrum Ještěrka,114
2024-06-10,Vodní areál Jih,0
2024-06-10,Letní koupaliště Poruba,0
2024-06-10,Vodní svět Čapkárna,127
2024-06-09,Vodní svět Čapkárna,294
2024-06-09,Krytý bazén Poruba,665
2024-06-09,Ozdravné centrum Ještěrka,107
2024-06-09,Vodní areál Jih,127
2024-06-09,Letní koupaliště Poruba,8
2024-06-08,Vodní areál Jih,334
2024-06-08,Letní koupaliště Poruba,376
2024-06-08,Vodní svět Čapkárna,369
2024-06-08,Ozdravné centrum Ještěrka,85
2024-06-08,Krytý bazén Poruba,748
2024-06-07,Vodní svět Čapkárna,157
2024-06-07,Krytý bazén Poruba,395
2024-06-07,Ozdravné centrum Ještěrka,100
2024-06-07,Vodní areál Jih,23
2024-06-07,Letní koupaliště Poruba,2
2024-06-06,Letní koupaliště Poruba,11
2024-06-06,Vodní svět Čapkárna,111
2024-06-06,Krytý bazén Poruba,539
2024-06-06,Ozdravné centrum Ještěrka,120
2024-06-06,Vodní areál Jih,41
2024-06-05,Vodní svět Čapkárna,156
2024-06-05,Krytý bazén Poruba,420
2024-06-05,Ozdravné centrum Ještěrka,106
2024-06-05,Vodní areál Jih,16
2024-06-05,Letní koupaliště Poruba,4
2024-06-04,Letní koupaliště Poruba,0
2024-06-04,Vodní svět Čapkárna,128
2024-06-04,Krytý bazén Poruba,342
2024-06-04,Ozdravné centrum Ještěrka,102
2024-06-04,Vodní areál Jih,0
2024-06-03,Vodní svět Čapkárna,111
2024-06-03,Krytý bazén Poruba,331
2024-06-03,Ozdravné centrum Ještěrka,96
2024-06-03,Vodní areál Jih,0
2024-06-03,Letní koupaliště Poruba,0
2024-06-02,Vodní svět Čapkárna,215
2024-06-02,Krytý bazén Poruba,631
2024-06-02,Ozdravné centrum Ještěrka,120
2024-06-02,Vodní areál Jih,0
2024-06-02,Letní koupaliště Poruba,0
2024-06-01,Vodní svět Čapkárna,250
2024-06-01,Krytý bazén Poruba,643
2024-06-01,Ozdravné centrum Ještěrka,90
2024-06-01,Vodní areál Jih,0
2024-06-01,Letní koupaliště Poruba,0
2024-05-31,Vodní svět Čapkárna,173
2024-05-31,Krytý bazén Poruba,340
2024-05-31,Ozdravné centrum Ještěrka,117
2024-05-31,Vodní areál Jih,0
2024-05-31,Letní koupaliště Poruba,159
2024-05-30,Krytý bazén Poruba,347
2024-05-30,Ozdravné centrum Ještěrka,97
2024-05-30,Vodní areál Jih,50
2024-05-30,Letní koupaliště Poruba,0
2024-05-30,Vodní svět Čapkárna,141
2024-05-29,Vodní svět Čapkárna,140
2024-05-29,Krytý bazén Poruba,320
2024-05-29,Ozdravné centrum Ještěrka,108
2024-05-29,Vodní areál Jih,0
2024-05-29,Letní koupaliště Poruba,0
2024-05-28,Krytý bazén Poruba,330
2024-05-28,Ozdravné centrum Ještěrka,73
2024-05-28,Vodní areál Jih,0
2024-05-28,Letní koupaliště Poruba,0
2024-05-28,Vodní svět Čapkárna,151
2024-05-27,Vodní svět Čapkárna,123
2024-05-27,Krytý bazén Poruba,323
2024-05-27,Ozdravné centrum Ještěrka,107
2024-05-27,Vodní areál Jih,0
2024-05-27,Letní koupaliště Poruba,0
2024-05-26,Ozdravné centrum Ještěrka,94
2024-05-26,Vodní areál Jih,0
2024-05-26,Letní koupaliště Poruba,0
2024-05-26,Vodní svět Čapkárna,227
2024-05-26,Krytý bazén Poruba,498
2024-05-25,Vodní svět Čapkárna,197
2024-05-25,Krytý bazén Poruba,288
2024-05-25,Ozdravné centrum Ještěrka,73
2024-05-25,Vodní areál Jih,0
2024-05-25,Letní koupaliště Poruba,0
2024-05-24,Vodní areál Jih,0
2024-05-24,Letní koupaliště Poruba,0
2024-05-24,Vodní svět Čapkárna,159
2024-05-24,Krytý bazén Poruba,339
2024-05-24,Ozdravné centrum Ještěrka,131
2024-05-23,Vodní svět Čapkárna,119
2024-05-23,Krytý bazén Poruba,237
2024-05-23,Ozdravné centrum Ještěrka,83
2024-05-23,Vodní areál Jih,0
2024-05-23,Letní koupaliště Poruba,0
2024-05-22,Vodní areál Jih,0
2024-05-22,Letní koupaliště Poruba,0
2024-05-22,Vodní svět Čapkárna,159
2024-05-22,Krytý bazén Poruba,328
2024-05-22,Ozdravné centrum Ještěrka,132
2024-05-21,Vodní svět Čapkárna,153
2024-05-21,Krytý bazén Poruba,309
2024-05-21,Ozdravné centrum Ještěrka,78
2024-05-21,Vodní areál Jih,0
2024-05-21,Letní koupaliště Poruba,0
2024-05-20,Letní koupaliště Poruba,0
2024-05-20,Vodní svět Čapkárna,112
2024-05-20,Krytý bazén Poruba,340
2024-05-20,Ozdravné centrum Ještěrka,95
2024-05-20,Vodní areál Jih,0
2024-05-19,Vodní svět Čapkárna,249
2024-05-19,Krytý bazén Poruba,548
2024-05-19,Ozdravné centrum Ještěrka,107
2024-05-19,Vodní areál Jih,0
2024-05-19,Letní koupaliště Poruba,0
2024-05-18,Vodní svět Čapkárna,150
2024-05-18,Krytý bazén Poruba,318
2024-05-18,Ozdravné centrum Ještěrka,72
2024-05-18,Vodní areál Jih,0
2024-05-18,Letní koupaliště Poruba,0
2024-05-17,Vodní svět Čapkárna,176
2024-05-17,Krytý bazén Poruba,335
2024-05-17,Ozdravné centrum Ještěrka,80
2024-05-17,Vodní areál Jih,0
2024-05-17,Letní koupaliště Poruba,0
2024-05-16,Vodní svět Čapkárna,113
2024-05-16,Krytý bazén Poruba,297
2024-05-16,Ozdravné centrum Ještěrka,104
2024-05-16,Vodní areál Jih,0
2024-05-16,Letní koupaliště Poruba,0
2024-05-15,Vodní svět Čapkárna,117
2024-05-15,Krytý bazén Poruba,280
2024-05-15,Ozdravné centrum Ještěrka,92
2024-05-15,Vodní areál Jih,0
2024-05-15,Letní koupaliště Poruba,0
2024-05-14,Vodní svět Čapkárna,125
2024-05-14,Krytý bazén Poruba,327
2024-05-14,Ozdravné centrum Ještěrka,97
2024-05-14,Vodní areál Jih,0
2024-05-14,Letní koupaliště Poruba,0
2024-05-13,Krytý bazén Poruba,336
2024-05-13,Ozdravné centrum Ještěrka,106
2024-05-13,Vodní areál Jih,0
2024-05-13,Letní koupaliště Poruba,0
2024-05-13,Vodní svět Čapkárna,104
2024-05-12,Vodní svět Čapkárna,194
2024-05-12,Krytý bazén Poruba,415
2024-05-12,Ozdravné centrum Ještěrka,88
2024-05-12,Vodní areál Jih,0
2024-05-12,Letní koupaliště Poruba,0
2024-05-11,Ozdravné centrum Ještěrka,75
2024-05-11,Vodní areál Jih,0
2024-05-11,Letní koupaliště Poruba,0
2024-05-11,Vodní svět Čapkárna,158
2024-05-11,Krytý bazén Poruba,355
2024-05-10,Vodní svět Čapkárna,129
2024-05-10,Krytý bazén Poruba,331
2024-05-10,Ozdravné centrum Ještěrka,120
2024-05-10,Vodní areál Jih,0
2024-05-10,Letní koupaliště Poruba,0
2024-05-09,Ozdravné centrum Ještěrka,104
2024-05-09,Vodní areál Jih,0
2024-05-09,Letní koupaliště Poruba,0
2024-05-09,Vodní svět Čapkárna,135
2024-05-09,Krytý bazén Poruba,344
2024-05-08,Vodní svět Čapkárna,147
2024-05-08,Krytý bazén Poruba,475
2024-05-08,Ozdravné centrum Ještěrka,92
2024-05-08,Vodní areál Jih,0
2024-05-08,Letní koupaliště Poruba,0
2024-05-07,Vodní areál Jih,0
2024-05-07,Letní koupaliště Poruba,0
2024-05-07,Vodní svět Čapkárna,275
2024-05-07,Krytý bazén Poruba,363
2024-05-07,Ozdravné centrum Ještěrka,81
2024-05-06,Vodní svět Čapkárna,143
2024-05-06,Krytý bazén Poruba,369
2024-05-06,Ozdravné centrum Ještěrka,117
2024-05-06,Vodní areál Jih,0
2024-05-06,Letní koupaliště Poruba,0
2024-05-05,Letní koupaliště Poruba,0
2024-05-05,Vodní svět Čapkárna,239
2024-05-05,Krytý bazén Poruba,606
2024-05-05,Ozdravné centrum Ještěrka,141
2024-05-05,Vodní areál Jih,0
2024-05-04,Vodní svět Čapkárna,182
2024-05-04,Krytý bazén Poruba,472
2024-05-04,Ozdravné centrum Ještěrka,87
2024-05-04,Vodní areál Jih,0
2024-05-04,Letní koupaliště Poruba,0
2024-05-03,Letní koupaliště Poruba,0
2024-05-03,Vodní svět Čapkárna,146
2024-05-03,Krytý bazén Poruba,382
2024-05-03,Ozdravné centrum Ještěrka,114
2024-05-03,Vodní areál Jih,0
2024-05-02,Vodní svět Čapkárna,154
2024-05-02,Krytý bazén Poruba,394
2024-05-02,Ozdravné centrum Ještěrka,91
2024-05-02,Vodní areál Jih,0
2024-05-02,Letní koupaliště Poruba,0
2024-05-01,Vodní svět Čapkárna,103
2024-05-01,Krytý bazén Poruba,564
2024-05-01,Ozdravné centrum Ještěrka,98
2024-05-01,Vodní areál Jih,0
2024-05-01,Letní koupaliště Poruba,0
2024-04-30,Vodní svět Čapkárna,289
2024-04-30,Krytý bazén Poruba,398
2024-04-30,Ozdravné centrum Ještěrka,88
2024-04-30,Vodní areál Jih,0
2024-04-30,Letní koupaliště Poruba,0
2024-04-29,Vodní svět Čapkárna,115
2024-04-29,Krytý bazén Poruba,381
2024-04-29,Ozdravné centrum Ještěrka,102
2024-04-29,Vodní areál Jih,0
2024-04-29,Letní koupaliště Poruba,0
2024-04-28,Krytý bazén Poruba,0
2024-04-28,Ozdravné centrum Ještěrka,101
2024-04-28,Vodní areál Jih,0
2024-04-28,Letní koupaliště Poruba,0
2024-04-28,Vodní svět Čapkárna,214
2024-04-27,Vodní svět Čapkárna,273
2024-04-27,Krytý bazén Poruba,1
2024-04-27,Ozdravné centrum Ještěrka,81
2024-04-27,Vodní areál Jih,0
2024-04-27,Letní koupaliště Poruba,0
2024-04-26,Krytý bazén Poruba,0
2024-04-26,Ozdravné centrum Ještěrka,121
2024-04-26,Vodní areál Jih,0
2024-04-26,Letní koupaliště Poruba,0
2024-04-26,Vodní svět Čapkárna,270
2024-04-25,Vodní svět Čapkárna,237
2024-04-25,Krytý bazén Poruba,375
2024-04-25,Ozdravné centrum Ještěrka,116
2024-04-25,Vodní areál Jih,0
2024-04-25,Letní koupaliště Poruba,0
2024-04-24,Ozdravné centrum Ještěrka,119
2024-04-24,Vodní areál Jih,0
2024-04-24,Letní koupaliště Poruba,0
2024-04-24,Vodní svět Čapkárna,141
2024-04-24,Krytý bazén Poruba,444
2024-04-23,Vodní svět Čapkárna,296
2024-04-23,Krytý bazén Poruba,307
2024-04-23,Ozdravné centrum Ještěrka,109
2024-04-23,Vodní areál Jih,0
2024-04-23,Letní koupaliště Poruba,0
2024-04-22,Vodní areál Jih,0
2024-04-22,Letní koupaliště Poruba,0
2024-04-22,Vodní svět Čapkárna,120
2024-04-22,Krytý bazén Poruba,372
2024-04-22,Ozdravné centrum Ještěrka,120
2024-04-21,Vodní svět Čapkárna,285
2024-04-21,Krytý bazén Poruba,588
2024-04-21,Ozdravné centrum Ještěrka,143
2024-04-21,Vodní areál Jih,0
2024-04-21,Letní koupaliště Poruba,0
2024-04-20,Vodní areál Jih,0
2024-04-20,Letní koupaliště Poruba,0
2024-04-20,Vodní svět Čapkárna,316
2024-04-20,Krytý bazén Poruba,617
2024-04-20,Ozdravné centrum Ještěrka,101
2024-04-19,Vodní svět Čapkárna,196
2024-04-19,Krytý bazén Poruba,344
2024-04-19,Ozdravné centrum Ještěrka,100
2024-04-19,Vodní areál Jih,0
2024-04-19,Letní koupaliště Poruba,0
2024-04-18,Letní koupaliště Poruba,0
2024-04-18,Vodní svět Čapkárna,362
2024-04-18,Krytý bazén Poruba,379
2024-04-18,Ozdravné centrum Ještěrka,123
2024-04-18,Vodní areál Jih,0
2024-04-17,Vodní svět Čapkárna,216
2024-04-17,Krytý bazén Poruba,431
2024-04-17,Ozdravné centrum Ještěrka,133
2024-04-17,Vodní areál Jih,0
2024-04-17,Letní koupaliště Poruba,0
2024-04-16,Vodní svět Čapkárna,351
2024-04-16,Krytý bazén Poruba,376
2024-04-16,Ozdravné centrum Ještěrka,116
2024-04-16,Vodní areál Jih,0
2024-04-16,Letní koupaliště Poruba,0
2024-04-15,Vodní svět Čapkárna,145
2024-04-15,Krytý bazén Poruba,403
2024-04-15,Ozdravné centrum Ještěrka,101
2024-04-15,Vodní areál Jih,0
2024-04-15,Letní koupaliště Poruba,0
2024-04-14,Vodní svět Čapkárna,192
2024-04-14,Krytý bazén Poruba,476
2024-04-14,Ozdravné centrum Ještěrka,127
2024-04-14,Vodní areál Jih,0
2024-04-14,Letní koupaliště Poruba,0
2024-04-13,Vodní svět Čapkárna,195
2024-04-13,Krytý bazén Poruba,332
2024-04-13,Ozdravné centrum Ještěrka,85
2024-04-13,Vodní areál Jih,0
2024-04-13,Letní koupaliště Poruba,0
2024-04-12,Vodní svět Čapkárna,163
2024-04-12,Krytý bazén Poruba,394
2024-04-12,Ozdravné centrum Ještěrka,115
2024-04-12,Vodní areál Jih,0
2024-04-12,Letní koupaliště Poruba,0
2024-04-11,Krytý bazén Poruba,359
2024-04-11,Ozdravné centrum Ještěrka,125
2024-04-11,Vodní areál Jih,0
2024-04-11,Letní koupaliště Poruba,0
2024-04-11,Vodní svět Čapkárna,173
2024-04-10,Vodní svět Čapkárna,177
2024-04-10,Krytý bazén Poruba,408
2024-04-10,Ozdravné centrum Ještěrka,131
2024-04-10,Vodní areál Jih,0
2024-04-10,Letní koupaliště Poruba,0
2024-04-09,Ozdravné centrum Ještěrka,99
2024-04-09,Vodní areál Jih,0
2024-04-09,Letní koupaliště Poruba,0
2024-04-09,Vodní svět Čapkárna,329
2024-04-09,Krytý bazén Poruba,395
2024-04-08,Vodní svět Čapkárna,129
2024-04-08,Krytý bazén Poruba,371
2024-04-08,Ozdravné centrum Ještěrka,123
2024-04-08,Vodní areál Jih,0
2024-04-08,Letní koupaliště Poruba,0
2024-04-07,Ozdravné centrum Ještěrka,123
2024-04-07,Vodní areál Jih,0
2024-04-07,Letní koupaliště Poruba,0
2024-04-07,Vodní svět Čapkárna,197
2024-04-07,Krytý bazén Poruba,510
2024-04-06,Vodní svět Čapkárna,182
2024-04-06,Krytý bazén Poruba,366
2024-04-06,Ozdravné centrum Ještěrka,87
2024-04-06,Vodní areál Jih,0
2024-04-06,Letní koupaliště Poruba,0
2024-04-05,Vodní areál Jih,0
2024-04-05,Letní koupaliště Poruba,0
2024-04-05,Vodní svět Čapkárna,155
2024-04-05,Krytý bazén Poruba,358
2024-04-05,Ozdravné centrum Ještěrka,134
2024-04-04,Vodní svět Čapkárna,133
2024-04-04,Krytý bazén Poruba,394
2024-04-04,Ozdravné centrum Ještěrka,116
2024-04-04,Vodní areál Jih,0
2024-04-04,Letní koupaliště Poruba,0
2024-04-03,Letní koupaliště Poruba,0
2024-04-03,Vodní svět Čapkárna,144
2024-04-03,Krytý bazén Poruba,389
2024-04-03,Ozdravné centrum Ještěrka,122
2024-04-03,Vodní areál Jih,0
2024-04-02,Vodní svět Čapkárna,243
2024-04-02,Krytý bazén Poruba,350
2024-04-02,Ozdravné centrum Ještěrka,109
2024-04-02,Vodní areál Jih,0
2024-04-02,Letní koupaliště Poruba,0
2024-04-01,Letní koupaliště Poruba,0
2024-04-01,Vodní svět Čapkárna,86
2024-04-01,Krytý bazén Poruba,206
2024-04-01,Ozdravné centrum Ještěrka,54
2024-04-01,Vodní areál Jih,0
2024-03-31,Vodní svět Čapkárna,161
2024-03-31,Krytý bazén Poruba,358
2024-03-31,Ozdravné centrum Ještěrka,103
2024-03-31,Vodní areál Jih,0
2024-03-31,Letní koupaliště Poruba,0
2024-03-30,Vodní svět Čapkárna,144
2024-03-30,Krytý bazén Poruba,332
2024-03-30,Ozdravné centrum Ještěrka,76
2024-03-30,Vodní areál Jih,0
2024-03-30,Letní koupaliště Poruba,0
2024-03-29,Vodní svět Čapkárna,150
2024-03-29,Krytý bazén Poruba,345
2024-03-29,Ozdravné centrum Ještěrka,65
2024-03-29,Vodní areál Jih,0
2024-03-29,Letní koupaliště Poruba,0
2024-03-28,Vodní svět Čapkárna,134
2024-03-28,Krytý bazén Poruba,444
2024-03-28,Ozdravné centrum Ještěrka,89
2024-03-28,Vodní areál Jih,0
2024-03-28,Letní koupaliště Poruba,0
2024-03-27,Krytý bazén Poruba,380
2024-03-27,Ozdravné centrum Ještěrka,112
2024-03-27,Vodní areál Jih,0
2024-03-27,Letní koupaliště Poruba,0
2024-03-27,Vodní svět Čapkárna,152
2024-03-26,Vodní svět Čapkárna,266
2024-03-26,Krytý bazén Poruba,374
2024-03-26,Ozdravné centrum Ještěrka,97
2024-03-26,Vodní areál Jih,0
2024-03-26,Letní koupaliště Poruba,0
2024-03-25,Krytý bazén Poruba,413
2024-03-25,Ozdravné centrum Ještěrka,116
2024-03-25,Vodní areál Jih,0
2024-03-25,Letní koupaliště Poruba,0
2024-03-25,Vodní svět Čapkárna,147
2024-03-24,Vodní svět Čapkárna,206
2024-03-24,Krytý bazén Poruba,585
2024-03-24,Ozdravné centrum Ještěrka,137
2024-03-24,Vodní areál Jih,0
2024-03-24,Letní koupaliště Poruba,0
2024-03-23,Ozdravné centrum Ještěrka,107
2024-03-23,Vodní areál Jih,0
2024-03-23,Letní koupaliště Poruba,0
2024-03-23,Vodní svět Čapkárna,241
2024-03-23,Krytý bazén Poruba,398
2024-03-22,Vodní svět Čapkárna,137
2024-03-22,Krytý bazén Poruba,381
2024-03-22,Ozdravné centrum Ještěrka,127
2024-03-22,Vodní areál Jih,0
2024-03-22,Letní koupaliště Poruba,0
2024-03-21,Vodní areál Jih,0
2024-03-21,Letní koupaliště Poruba,0
2024-03-21,Vodní svět Čapkárna,118
2024-03-21,Krytý bazén Poruba,357
2024-03-21,Ozdravné centrum Ještěrka,126
2024-03-20,Vodní svět Čapkárna,127
2024-03-20,Krytý bazén Poruba,444
2024-03-20,Ozdravné centrum Ještěrka,135
2024-03-20,Vodní areál Jih,0
2024-03-20,Letní koupaliště Poruba,0
2024-03-19,Vodní areál Jih,0
2024-03-19,Letní koupaliště Poruba,0
2024-03-19,Vodní svět Čapkárna,320
2024-03-19,Krytý bazén Poruba,361
2024-03-19,Ozdravné centrum Ještěrka,121
2024-03-18,Vodní svět Čapkárna,127
2024-03-18,Krytý bazén Poruba,365
2024-03-18,Ozdravné centrum Ještěrka,128
2024-03-18,Vodní areál Jih,0
2024-03-18,Letní koupaliště Poruba,0
2024-03-17,Letní koupaliště Poruba,0
2024-03-17,Vodní svět Čapkárna,175
2024-03-17,Krytý bazén Poruba,439
2024-03-17,Ozdravné centrum Ještěrka,124
2024-03-17,Vodní areál Jih,0
2024-03-16,Vodní svět Čapkárna,212
2024-03-16,Krytý bazén Poruba,460
2024-03-16,Ozdravné centrum Ještěrka,88
2024-03-16,Vodní areál Jih,0
2024-03-16,Letní koupaliště Poruba,0
2024-03-15,Vodní svět Čapkárna,197
2024-03-15,Krytý bazén Poruba,435
2024-03-15,Ozdravné centrum Ještěrka,141
2024-03-15,Vodní areál Jih,0
2024-03-15,Letní koupaliště Poruba,0
2024-03-14,Vodní svět Čapkárna,167
2024-03-14,Krytý bazén Poruba,522
2024-03-14,Ozdravné centrum Ještěrka,138
2024-03-14,Vodní areál Jih,0
2024-03-14,Letní koupaliště Poruba,0
2024-03-13,Vodní svět Čapkárna,278
2024-03-13,Krytý bazén Poruba,560
2024-03-13,Ozdravné centrum Ještěrka,168
2024-03-13,Vodní areál Jih,0
2024-03-13,Letní koupaliště Poruba,0
2024-03-12,Vodní svět Čapkárna,298
2024-03-12,Krytý bazén Poruba,566
2024-03-12,Ozdravné centrum Ještěrka,139
2024-03-12,Vodní areál Jih,0
2024-03-12,Letní koupaliště Poruba,0
2024-03-11,Vodní svět Čapkárna,175
2024-03-11,Krytý bazén Poruba,504
2024-03-11,Ozdravné centrum Ještěrka,118
2024-03-11,Vodní areál Jih,0
2024-03-11,Letní koupaliště Poruba,0
2024-03-10,Krytý bazén Poruba,479
2024-03-10,Ozdravné centrum Ještěrka,135
2024-03-10,Vodní areál Jih,0
2024-03-10,Letní koupaliště Poruba,0
2024-03-10,Vodní svět Čapkárna,249
2024-03-09,Vodní svět Čapkárna,206
2024-03-09,Krytý bazén Poruba,371
2024-03-09,Ozdravné centrum Ještěrka,93
2024-03-09,Vodní areál Jih,0
2024-03-09,Letní koupaliště Poruba,0
2024-03-08,Ozdravné centrum Ještěrka,115
2024-03-08,Vodní areál Jih,0
2024-03-08,Letní koupaliště Poruba,0
2024-03-08,Vodní svět Čapkárna,136
2024-03-08,Krytý bazén Poruba,432
2024-03-07,Vodní svět Čapkárna,151
2024-03-07,Krytý bazén Poruba,351
2024-03-07,Ozdravné centrum Ještěrka,133
2024-03-07,Vodní areál Jih,0
2024-03-07,Letní koupaliště Poruba,0
2024-03-06,Ozdravné centrum Ještěrka,132
2024-03-06,Vodní areál Jih,0
2024-03-06,Letní koupaliště Poruba,0
2024-03-06,Vodní svět Čapkárna,195
2024-03-06,Krytý bazén Poruba,467
2024-03-05,Krytý bazén Poruba,414
2024-03-05,Ozdravné centrum Ještěrka,139
2024-03-05,Vodní areál Jih,0
2024-03-04,Vodní svět Čapkárna,134
2024-03-04,Krytý bazén Poruba,447
2024-03-04,Ozdravné centrum Ještěrka,129
2024-03-04,Vodní areál Jih,0
2024-03-04,Letní koupaliště Poruba,0
2024-03-03,Vodní svět Čapkárna,178
2024-03-03,Krytý bazén Poruba,496
2024-03-03,Ozdravné centrum Ještěrka,113
2024-03-03,Vodní areál Jih,0
2024-03-03,Letní koupaliště Poruba,0
2024-03-02,Vodní svět Čapkárna,286
2024-03-02,Krytý bazén Poruba,624
2024-03-02,Ozdravné centrum Ještěrka,115
2024-03-02,Vodní areál Jih,0
2024-03-02,Letní koupaliště Poruba,0
2024-03-01,Krytý bazén Poruba,482
2024-03-01,Ozdravné centrum Ještěrka,137
2024-03-01,Vodní areál Jih,0
2024-03-01,Letní koupaliště Poruba,0
2024-03-01,Vodní svět Čapkárna,161
2024-02-29,Vodní svět Čapkárna,153
2024-02-29,Krytý bazén Poruba,429
2024-02-29,Ozdravné centrum Ještěrka,144
2024-02-29,Vodní areál Jih,0
2024-02-29,Letní koupaliště Poruba,0
2024-02-28,Krytý bazén Poruba,476
2024-02-28,Ozdravné centrum Ještěrka,152
2024-02-28,Vodní areál Jih,0
2024-02-28,Letní koupaliště Poruba,0
2024-02-28,Vodní svět Čapkárna,165
2024-02-27,Vodní svět Čapkárna,307
2024-02-27,Krytý bazén Poruba,440
2024-02-27,Ozdravné centrum Ještěrka,127
2024-02-27,Vodní areál Jih,0
2024-02-27,Letní koupaliště Poruba,0
2024-02-26,Ozdravné centrum Ještěrka,116
2024-02-26,Vodní areál Jih,0
2024-02-26,Letní koupaliště Poruba,0
2024-02-26,Vodní svět Čapkárna,124
2024-02-26,Krytý bazén Poruba,492
2024-02-25,Vodní svět Čapkárna,156
2024-02-25,Krytý bazén Poruba,595
2024-02-25,Ozdravné centrum Ještěrka,127
2024-02-25,Vodní areál Jih,0
2024-02-25,Letní koupaliště Poruba,0
2024-02-24,Vodní areál Jih,0
2024-02-24,Letní koupaliště Poruba,0
2024-02-24,Vodní svět Čapkárna,256
2024-02-24,Krytý bazén Poruba,634
2024-02-24,Ozdravné centrum Ještěrka,126
2024-02-23,Vodní svět Čapkárna,195
2024-02-23,Krytý bazén Poruba,523
2024-02-23,Ozdravné centrum Ještěrka,151
2024-02-23,Vodní areál Jih,0
2024-02-23,Letní koupaliště Poruba,0
2024-02-22,Vodní areál Jih,0
2024-02-22,Letní koupaliště Poruba,0
2024-02-22,Vodní svět Čapkárna,191
2024-02-22,Krytý bazén Poruba,455
2024-02-22,Ozdravné centrum Ještěrka,152
2024-02-07,Vodní svět Čapkárna,166
2024-02-07,Krytý bazén Poruba,493
2024-02-07,Ozdravné centrum Ještěrka,153
2024-02-07,Vodní areál Jih,0
2024-02-07,Letní koupaliště Poruba,0
2024-02-06,Letní koupaliště Poruba,0
2024-02-06,Vodní svět Čapkárna,188
2024-02-06,Krytý bazén Poruba,495
2024-02-06,Ozdravné centrum Ještěrka,119
2024-02-06,Vodní areál Jih,0
2024-02-05,Vodní svět Čapkárna,128
2024-02-05,Ozdravné centrum Ještěrka,134
2024-02-05,Krytý bazén Poruba,467
2024-02-05,Vodní areál Jih,0
2024-02-05,Letní koupaliště Poruba,0
2024-02-04,Vodní svět Čapkárna,256
2024-02-04,Krytý bazén Poruba,712
2024-02-04,Ozdravné centrum Ještěrka,152
2024-02-04,Vodní areál Jih,0
2024-02-04,Letní koupaliště Poruba,0
2024-02-03,Krytý bazén Poruba,698
2024-02-03,Ozdravné centrum Ještěrka,148
2024-02-03,Vodní areál Jih,0
2024-02-03,Letní koupaliště Poruba,0
2024-02-03,Vodní svět Čapkárna,241
2024-02-02,Vodní svět Čapkárna,201
2024-02-02,Krytý bazén Poruba,498
2024-02-02,Ozdravné centrum Ještěrka,123
2024-02-02,Vodní areál Jih,0
2024-02-02,Letní koupaliště Poruba,0
2024-02-01,Ozdravné centrum Ještěrka,116
2024-02-01,Vodní areál Jih,0
2024-02-01,Letní koupaliště Poruba,0
2024-02-01,Vodní svět Čapkárna,169
2024-02-01,Krytý bazén Poruba,444
2024-01-31,Vodní svět Čapkárna,146
2024-01-31,Krytý bazén Poruba,449
2024-01-31,Ozdravné centrum Ještěrka,109
2024-01-31,Vodní areál Jih,0
2024-01-31,Letní koupaliště Poruba,0
2024-01-30,Ozdravné centrum Ještěrka,106
2024-01-30,Vodní areál Jih,0
2024-01-30,Letní koupaliště Poruba,0
2024-01-30,Vodní svět Čapkárna,121
2024-01-30,Krytý bazén Poruba,424
2024-01-29,Vodní svět Čapkárna,115
2024-01-29,Krytý bazén Poruba,456
2024-01-29,Ozdravné centrum Ještěrka,107
2024-01-29,Vodní areál Jih,0
2024-01-29,Letní koupaliště Poruba,0
2024-01-28,Vodní areál Jih,0
2024-01-28,Letní koupaliště Poruba,0
2024-01-28,Vodní svět Čapkárna,192
2024-01-28,Krytý bazén Poruba,646
2024-01-28,Ozdravné centrum Ještěrka,143
2024-01-27,Vodní svět Čapkárna,248
2024-01-27,Krytý bazén Poruba,587
2024-01-27,Ozdravné centrum Ještěrka,141
2024-01-27,Vodní areál Jih,0
2024-01-27,Letní koupaliště Poruba,0
2024-01-26,Letní koupaliště Poruba,0
2024-01-26,Vodní svět Čapkárna,138
2024-01-26,Krytý bazén Poruba,422
2024-01-26,Ozdravné centrum Ještěrka,160
2024-01-26,Vodní areál Jih,0
2024-01-25,Vodní svět Čapkárna,161
2024-01-25,Krytý bazén Poruba,470
2024-01-25,Ozdravné centrum Ještěrka,128
2024-01-25,Vodní areál Jih,0
2024-01-25,Letní koupaliště Poruba,0
2024-01-24,Letní koupaliště Poruba,0
2024-01-24,Vodní svět Čapkárna,154
2024-01-24,Krytý bazén Poruba,441
2024-01-24,Ozdravné centrum Ještěrka,147
2024-01-24,Vodní areál Jih,0
2024-01-23,Vodní svět Čapkárna,150
2024-01-23,Krytý bazén Poruba,439
2024-01-23,Ozdravné centrum Ještěrka,130
2024-01-23,Vodní areál Jih,0
2024-01-23,Letní koupaliště Poruba,0
2024-01-22,Vodní svět Čapkárna,136
2024-01-22,Krytý bazén Poruba,435
2024-01-22,Ozdravné centrum Ještěrka,138
2024-01-22,Vodní areál Jih,0
2024-01-22,Letní koupaliště Poruba,0
2024-01-21,Vodní svět Čapkárna,188
2024-01-21,Krytý bazén Poruba,601
2024-01-21,Ozdravné centrum Ještěrka,163
2024-01-21,Vodní areál Jih,0
2024-01-21,Letní koupaliště Poruba,0
2024-01-20,Vodní svět Čapkárna,271
2024-01-20,Krytý bazén Poruba,521
2024-01-20,Ozdravné centrum Ještěrka,124
2024-01-20,Vodní areál Jih,0
2024-01-20,Letní koupaliště Poruba,0
2024-01-19,Krytý bazén Poruba,489
2024-01-19,Ozdravné centrum Ještěrka,139
2024-01-19,Vodní areál Jih,0
2024-01-19,Letní koupaliště Poruba,0
2024-01-19,Vodní svět Čapkárna,139
2024-01-18,Vodní svět Čapkárna,127
2024-01-18,Krytý bazén Poruba,412
2024-01-18,Ozdravné centrum Ještěrka,126
2024-01-18,Vodní areál Jih,0
2024-01-18,Letní koupaliště Poruba,0
2024-01-17,Krytý bazén Poruba,442
2024-01-17,Ozdravné centrum Ještěrka,126
2024-01-17,Vodní areál Jih,0
2024-01-17,Letní koupaliště Poruba,0
2024-01-17,Vodní svět Čapkárna,152
2024-01-16,Vodní svět Čapkárna,138
2024-01-16,Krytý bazén Poruba,417
2024-01-16,Ozdravné centrum Ještěrka,121
2024-01-16,Vodní areál Jih,0
2024-01-16,Letní koupaliště Poruba,0
2024-01-15,Ozdravné centrum Ještěrka,132
2024-01-15,Vodní areál Jih,0
2024-01-15,Letní koupaliště Poruba,0
2024-01-15,Vodní svět Čapkárna,100
2024-01-15,Krytý bazén Poruba,390
2024-01-14,Vodní svět Čapkárna,253
2024-01-14,Krytý bazén Poruba,598
2024-01-14,Ozdravné centrum Ještěrka,138
2024-01-14,Vodní areál Jih,0
2024-01-14,Letní koupaliště Poruba,0
2024-01-13,Vodní areál Jih,0
2024-01-13,Letní koupaliště Poruba,0
2024-01-13,Vodní svět Čapkárna,220
2024-01-13,Krytý bazén Poruba,594
2024-01-13,Ozdravné centrum Ještěrka,116
2024-01-12,Vodní svět Čapkárna,173
2024-01-12,Krytý bazén Poruba,417
2024-01-12,Ozdravné centrum Ještěrka,114
2024-01-12,Vodní areál Jih,0
2024-01-12,Letní koupaliště Poruba,0
2024-01-11,Vodní areál Jih,0
2024-01-11,Letní koupaliště Poruba,0
2024-01-11,Vodní svět Čapkárna,136
2024-01-11,Krytý bazén Poruba,344
2024-01-11,Ozdravné centrum Ještěrka,117
2024-01-10,Vodní svět Čapkárna,114
2024-01-10,Krytý bazén Poruba,325
2024-01-10,Ozdravné centrum Ještěrka,104
2024-01-10,Vodní areál Jih,0
2024-01-10,Letní koupaliště Poruba,0
2024-01-09,Letní koupaliště Poruba,0
2024-01-09,Vodní svět Čapkárna,117
2024-01-09,Krytý bazén Poruba,249
2024-01-09,Ozdravné centrum Ještěrka,100
2024-01-09,Vodní areál Jih,0
2024-01-08,Vodní svět Čapkárna,103
2024-01-08,Krytý bazén Poruba,302
2024-01-08,Ozdravné centrum Ještěrka,92
2024-01-08,Vodní areál Jih,0
2024-01-08,Letní koupaliště Poruba,0
2024-01-07,Vodní svět Čapkárna,176
2024-01-07,Krytý bazén Poruba,618
2024-01-07,Ozdravné centrum Ještěrka,137
2024-01-07,Vodní areál Jih,0
2024-01-07,Letní koupaliště Poruba,0
2024-01-06,Vodní svět Čapkárna,274
2024-01-06,Krytý bazén Poruba,819
2024-01-06,Ozdravné centrum Ještěrka,145
2024-01-06,Vodní areál Jih,0
2024-01-06,Letní koupaliště Poruba,0
2024-01-05,Vodní svět Čapkárna,166
2024-01-05,Krytý bazén Poruba,484
2024-01-05,Ozdravné centrum Ještěrka,135
2024-01-05,Vodní areál Jih,0
2024-01-05,Letní koupaliště Poruba,0
2024-01-04,Vodní svět Čapkárna,181
2024-01-04,Krytý bazén Poruba,449
2024-01-04,Ozdravné centrum Ještěrka,139
2024-01-04,Vodní areál Jih,0
2024-01-04,Letní koupaliště Poruba,0
2024-01-03,Vodní svět Čapkárna,146
2024-01-03,Krytý bazén Poruba,432
2024-01-03,Ozdravné centrum Ještěrka,112
2024-01-03,Vodní areál Jih,0
2024-01-03,Letní koupaliště Poruba,0
2024-01-02,Krytý bazén Poruba,548
2024-01-02,Ozdravné centrum Ještěrka,131
2024-01-02,Vodní areál Jih,0
2024-01-02,Letní koupaliště Poruba,0
2024-01-02,Vodní svět Čapkárna,167
2024-01-01,Vodní svět Čapkárna,0
2024-01-01,Krytý bazén Poruba,0
2024-01-01,Ozdravné centrum Ještěrka,0
2024-01-01,Vodní areál Jih,0
2024-01-01,Letní koupaliště Poruba,0
2023-12-31,Ozdravné centrum Ještěrka,0
2023-12-31,Vodní areál Jih,0
2023-12-31,Letní koupaliště Poruba,0
2023-12-31,Vodní svět Čapkárna,0
2023-12-31,Krytý bazén Poruba,0
2023-12-30,Krytý bazén Poruba,630
2023-12-30,Ozdravné centrum Ještěrka,127
2023-12-30,Vodní areál Jih,0
2023-12-30,Letní koupaliště Poruba,0
2023-12-29,Vodní areál Jih,0
2023-12-29,Letní koupaliště Poruba,0
2023-12-29,Vodní svět Čapkárna,187
2023-12-29,Krytý bazén Poruba,533
2023-12-29,Ozdravné centrum Ještěrka,106
2023-12-28,Vodní svět Čapkárna,187
2023-12-28,Krytý bazén Poruba,615
2023-12-28,Ozdravné centrum Ještěrka,117
2023-12-28,Vodní areál Jih,0
2023-12-28,Letní koupaliště Poruba,0
2023-12-27,Letní koupaliště Poruba,0
2023-12-27,Vodní svět Čapkárna,209
2023-12-27,Krytý bazén Poruba,551
2023-12-27,Ozdravné centrum Ještěrka,130
2023-12-27,Vodní areál Jih,0
2023-12-26,Vodní svět Čapkárna,95
2023-12-26,Krytý bazén Poruba,375
2023-12-26,Ozdravné centrum Ještěrka,63
2023-12-26,Vodní areál Jih,0
2023-12-26,Letní koupaliště Poruba,0
2023-12-25,Vodní svět Čapkárna,0
2023-12-25,Krytý bazén Poruba,0
2023-12-25,Ozdravné centrum Ještěrka,0
2023-12-25,Vodní areál Jih,0
2023-12-25,Letní koupaliště Poruba,0
2023-12-24,Vodní svět Čapkárna,0
2023-12-24,Krytý bazén Poruba,0
2023-12-24,Ozdravné centrum Ještěrka,0
2023-12-24,Vodní areál Jih,0
2023-12-24,Letní koupaliště Poruba,0
2023-12-23,Vodní svět Čapkárna,69
2023-12-23,Krytý bazén Poruba,298
2023-12-23,Ozdravné centrum Ještěrka,41
2023-12-23,Vodní areál Jih,0
2023-12-23,Letní koupaliště Poruba,0
2023-12-22,Vodní svět Čapkárna,100
2023-12-22,Krytý bazén Poruba,234
2023-12-22,Ozdravné centrum Ještěrka,54
2023-12-22,Vodní areál Jih,0
2023-12-22,Letní koupaliště Poruba,0
2023-12-21,Vodní svět Čapkárna,68
2023-12-21,Krytý bazén Poruba,266
2023-12-21,Ozdravné centrum Ještěrka,56
2023-12-21,Vodní areál Jih,0
2023-12-21,Letní koupaliště Poruba,0
2023-12-20,Krytý bazén Poruba,276
2023-12-20,Ozdravné centrum Ještěrka,76
2023-12-20,Vodní areál Jih,0
2023-12-20,Letní koupaliště Poruba,0
2023-12-20,Vodní svět Čapkárna,96
2023-12-19,Vodní svět Čapkárna,97
2023-12-19,Krytý bazén Poruba,235
2023-12-19,Ozdravné centrum Ještěrka,59
2023-12-19,Vodní areál Jih,0
2023-12-19,Letní koupaliště Poruba,0
2023-12-18,Ozdravné centrum Ještěrka,79
2023-12-18,Vodní areál Jih,0
2023-12-18,Letní koupaliště Poruba,0
2023-12-18,Vodní svět Čapkárna,81
2023-12-18,Krytý bazén Poruba,233
2023-12-17,Vodní svět Čapkárna,89
2023-12-17,Krytý bazén Poruba,292
2023-12-17,Ozdravné centrum Ještěrka,87
2023-12-17,Vodní areál Jih,0
2023-12-17,Letní koupaliště Poruba,0
2023-12-16,Ozdravné centrum Ještěrka,53
2023-12-16,Vodní areál Jih,0
2023-12-16,Letní koupaliště Poruba,0
2023-12-16,Vodní svět Čapkárna,90
2023-12-16,Krytý bazén Poruba,318
2023-12-15,Vodní svět Čapkárna,84
2023-12-15,Krytý bazén Poruba,301
2023-12-15,Ozdravné centrum Ještěrka,94
2023-12-15,Vodní areál Jih,0
2023-12-15,Letní koupaliště Poruba,0
2023-12-14,Vodní areál Jih,0
2023-12-14,Letní koupaliště Poruba,0
2023-12-14,Vodní svět Čapkárna,77
2023-12-14,Krytý bazén Poruba,260
2023-12-14,Ozdravné centrum Ještěrka,93
2023-12-13,Vodní svět Čapkárna,129
2023-12-13,Krytý bazén Poruba,277
2023-12-13,Ozdravné centrum Ještěrka,89
2023-12-13,Vodní areál Jih,0
2023-12-13,Letní koupaliště Poruba,0
2023-12-12,Letní koupaliště Poruba,0
2023-12-12,Vodní svět Čapkárna,119
2023-12-12,Krytý bazén Poruba,245
2023-12-12,Ozdravné centrum Ještěrka,91
2023-12-12,Vodní areál Jih,0
2023-12-11,Vodní svět Čapkárna,86
2023-12-11,Krytý bazén Poruba,286
2023-12-11,Ozdravné centrum Ještěrka,49
2023-12-11,Vodní areál Jih,0
2023-12-11,Letní koupaliště Poruba,0
2023-12-10,Letní koupaliště Poruba,0
2023-12-10,Vodní svět Čapkárna,92
2023-12-10,Krytý bazén Poruba,276
2023-12-10,Ozdravné centrum Ještěrka,60
2023-12-10,Vodní areál Jih,0
2023-12-09,Vodní svět Čapkárna,99
2023-12-09,Krytý bazén Poruba,244
2023-12-09,Ozdravné centrum Ještěrka,36
2023-12-09,Vodní areál Jih,0
2023-12-09,Letní koupaliště Poruba,0
2023-12-08,Vodní svět Čapkárna,92
2023-12-08,Krytý bazén Poruba,260
2023-12-08,Ozdravné centrum Ještěrka,98
2023-12-08,Vodní areál Jih,0
2023-12-08,Letní koupaliště Poruba,0
2023-12-07,Vodní svět Čapkárna,79
2023-12-07,Krytý bazén Poruba,280
2023-12-07,Ozdravné centrum Ještěrka,78
2023-12-07,Vodní areál Jih,0
2023-12-07,Letní koupaliště Poruba,0
2023-12-06,Vodní svět Čapkárna,134
2023-12-06,Krytý bazén Poruba,267
2023-12-06,Ozdravné centrum Ještěrka,50
2023-12-06,Vodní areál Jih,0
2023-12-06,Letní koupaliště Poruba,0
2023-12-05,Krytý bazén Poruba,253
2023-12-05,Ozdravné centrum Ještěrka,69
2023-12-05,Vodní areál Jih,0
2023-12-05,Letní koupaliště Poruba,0
2023-12-05,Vodní svět Čapkárna,143
2023-12-04,Vodní svět Čapkárna,74
2023-12-04,Krytý bazén Poruba,194
2023-12-04,Ozdravné centrum Ještěrka,71
2023-12-04,Vodní areál Jih,0
2023-12-04,Letní koupaliště Poruba,0
2023-12-03,Krytý bazén Poruba,187
2023-12-03,Ozdravné centrum Ještěrka,57
2023-12-03,Vodní areál Jih,0
2023-12-03,Letní koupaliště Poruba,0
2023-12-03,Vodní svět Čapkárna,62
2023-12-02,Vodní svět Čapkárna,96
2023-12-02,Krytý bazén Poruba,203
2023-12-02,Ozdravné centrum Ještěrka,57
2023-12-02,Vodní areál Jih,0
2023-12-02,Letní koupaliště Poruba,0
2023-12-01,Ozdravné centrum Ještěrka,99
2023-12-01,Vodní areál Jih,0
2023-12-01,Letní koupaliště Poruba,0
2023-12-01,Vodní svět Čapkárna,98
2023-12-01,Krytý bazén Poruba,254
2023-11-30,Vodní svět Čapkárna,121
2023-11-30,Krytý bazén Poruba,292
2023-11-30,Ozdravné centrum Ještěrka,92
2023-11-30,Vodní areál Jih,0
2023-11-30,Letní koupaliště Poruba,0
2023-11-29,Vodní areál Jih,0
2023-11-29,Letní koupaliště Poruba,0
2023-11-29,Vodní svět Čapkárna,164
2023-11-29,Krytý bazén Poruba,322
2023-11-29,Ozdravné centrum Ještěrka,87
2023-11-28,Vodní svět Čapkárna,198
2023-11-28,Krytý bazén Poruba,303
2023-11-28,Ozdravné centrum Ještěrka,105
2023-11-28,Vodní areál Jih,0
2023-11-28,Letní koupaliště Poruba,0
2023-11-27,Vodní areál Jih,0
2023-11-27,Letní koupaliště Poruba,0
2023-11-27,Vodní svět Čapkárna,121
2023-11-27,Krytý bazén Poruba,325
2023-11-27,Ozdravné centrum Ještěrka,92
2023-11-26,Vodní svět Čapkárna,120
2023-11-26,Krytý bazén Poruba,386
2023-11-26,Ozdravné centrum Ještěrka,74
2023-11-26,Vodní areál Jih,0
2023-11-26,Letní koupaliště Poruba,0
2023-11-25,Letní koupaliště Poruba,0
2023-11-25,Vodní svět Čapkárna,123
2023-11-25,Krytý bazén Poruba,359
2023-11-25,Ozdravné centrum Ještěrka,58
2023-11-25,Vodní areál Jih,0
2023-11-24,Vodní svět Čapkárna,101
2023-11-24,Krytý bazén Poruba,381
2023-11-24,Ozdravné centrum Ještěrka,107
2023-11-24,Vodní areál Jih,0
2023-11-24,Letní koupaliště Poruba,0
2023-11-23,Vodní svět Čapkárna,95
2023-11-23,Krytý bazén Poruba,287
2023-11-23,Ozdravné centrum Ještěrka,108
2023-11-23,Vodní areál Jih,0
2023-11-23,Letní koupaliště Poruba,0
2023-11-22,Vodní svět Čapkárna,187
2023-11-22,Krytý bazén Poruba,327
2023-11-22,Ozdravné centrum Ještěrka,87
2023-11-22,Vodní areál Jih,0
2023-11-22,Letní koupaliště Poruba,0
2023-11-21,Vodní svět Čapkárna,220
2023-11-21,Krytý bazén Poruba,324
2023-11-21,Ozdravné centrum Ještěrka,112
2023-11-21,Vodní areál Jih,0
2023-11-21,Letní koupaliště Poruba,0
2023-11-20,Vodní svět Čapkárna,125
2023-11-20,Krytý bazén Poruba,355
2023-11-20,Ozdravné centrum Ještěrka,85
2023-11-20,Vodní areál Jih,0
2023-11-20,Letní koupaliště Poruba,0
2023-11-19,Vodní svět Čapkárna,170
2023-11-19,Krytý bazén Poruba,465
2023-11-19,Vodní areál Jih,0
2023-11-19,Letní koupaliště Poruba,0
2023-11-18,Ozdravné centrum Ještěrka,79
2023-11-18,Vodní areál Jih,0
2023-11-18,Letní koupaliště Poruba,0
2023-11-18,Vodní svět Čapkárna,206
2023-11-18,Krytý bazén Poruba,548
2023-11-17,Vodní svět Čapkárna,167
2023-11-17,Krytý bazén Poruba,411
2023-11-17,Ozdravné centrum Ještěrka,101
2023-11-17,Vodní areál Jih,0
2023-11-17,Letní koupaliště Poruba,0
2023-11-16,Vodní areál Jih,0
2023-11-16,Letní koupaliště Poruba,0
2023-11-16,Vodní svět Čapkárna,107
2023-11-16,Krytý bazén Poruba,308
2023-11-16,Ozdravné centrum Ještěrka,94
2023-11-15,Vodní svět Čapkárna,155
2023-11-15,Krytý bazén Poruba,406
2023-11-15,Ozdravné centrum Ještěrka,115
2023-11-15,Vodní areál Jih,0
2023-11-15,Letní koupaliště Poruba,0
2023-11-14,Vodní areál Jih,0
2023-11-14,Letní koupaliště Poruba,0
2023-11-14,Vodní svět Čapkárna,246
2023-11-14,Krytý bazén Poruba,319
2023-11-14,Ozdravné centrum Ještěrka,104
2023-11-13,Vodní svět Čapkárna,112
2023-11-13,Krytý bazén Poruba,328
2023-11-13,Ozdravné centrum Ještěrka,100
2023-11-13,Vodní areál Jih,0
2023-11-13,Letní koupaliště Poruba,0
2023-11-12,Letní koupaliště Poruba,0
2023-11-12,Vodní svět Čapkárna,150
2023-11-12,Krytý bazén Poruba,436
2023-11-12,Ozdravné centrum Ještěrka,85
2023-11-12,Vodní areál Jih,0
2023-11-11,Vodní svět Čapkárna,210
2023-11-11,Krytý bazén Poruba,412
2023-11-11,Ozdravné centrum Ještěrka,81
2023-11-11,Vodní areál Jih,0
2023-11-11,Letní koupaliště Poruba,0
2023-11-10,Vodní svět Čapkárna,118
2023-11-10,Krytý bazén Poruba,395
2023-11-10,Ozdravné centrum Ještěrka,93
2023-11-10,Vodní areál Jih,0
2023-11-10,Letní koupaliště Poruba,0
2023-11-09,Vodní svět Čapkárna,101
2023-11-09,Krytý bazén Poruba,275
2023-11-09,Ozdravné centrum Ještěrka,89
2023-11-09,Vodní areál Jih,0
2023-11-09,Letní koupaliště Poruba,0
2023-11-08,Vodní svět Čapkárna,159
2023-11-08,Krytý bazén Poruba,432
2023-11-08,Ozdravné centrum Ještěrka,106
2023-11-08,Vodní areál Jih,0
2023-11-08,Letní koupaliště Poruba,0
2023-11-07,Vodní svět Čapkárna,239
2023-11-07,Krytý bazén Poruba,359
2023-11-07,Ozdravné centrum Ještěrka,84
2023-11-07,Vodní areál Jih,0
2023-11-07,Letní koupaliště Poruba,0
2023-11-06,Vodní svět Čapkárna,97
2023-11-06,Krytý bazén Poruba,343
2023-11-06,Ozdravné centrum Ještěrka,99
2023-11-06,Vodní areál Jih,0
2023-11-06,Letní koupaliště Poruba,0
2023-11-05,Krytý bazén Poruba,531
2023-11-05,Ozdravné centrum Ještěrka,115
2023-11-05,Vodní areál Jih,0
2023-11-05,Letní koupaliště Poruba,0
2023-11-05,Vodní svět Čapkárna,160
2023-11-04,Vodní svět Čapkárna,117
2023-11-04,Krytý bazén Poruba,397
2023-11-04,Ozdravné centrum Ještěrka,61
2023-11-04,Vodní areál Jih,0
2023-11-04,Letní koupaliště Poruba,0
2023-11-03,Ozdravné centrum Ještěrka,135
2023-11-03,Vodní areál Jih,0
2023-11-03,Letní koupaliště Poruba,0
2023-11-03,Vodní svět Čapkárna,114
2023-11-03,Krytý bazén Poruba,421
2023-11-02,Vodní svět Čapkárna,115
2023-11-02,Krytý bazén Poruba,323
2023-11-02,Ozdravné centrum Ještěrka,92
2023-11-02,Vodní areál Jih,0
2023-11-02,Letní koupaliště Poruba,0
2023-11-01,Ozdravné centrum Ještěrka,107
2023-11-01,Vodní areál Jih,0
2023-11-01,Letní koupaliště Poruba,0
2023-11-01,Vodní svět Čapkárna,168
2023-11-01,Krytý bazén Poruba,366
2023-10-31,Vodní svět Čapkárna,241
2023-10-31,Krytý bazén Poruba,319
2023-10-31,Ozdravné centrum Ještěrka,106
2023-10-31,Vodní areál Jih,0
2023-10-31,Letní koupaliště Poruba,0
2023-10-30,Vodní areál Jih,0
2023-10-30,Letní koupaliště Poruba,0
2023-10-30,Vodní svět Čapkárna,117
2023-10-30,Krytý bazén Poruba,372
2023-10-30,Ozdravné centrum Ještěrka,111
2023-10-29,Vodní svět Čapkárna,110
2023-10-29,Krytý bazén Poruba,342
2023-10-29,Ozdravné centrum Ještěrka,82
2023-10-29,Vodní areál Jih,0
2023-10-29,Letní koupaliště Poruba,0
2023-10-28,Letní koupaliště Poruba,0
2023-10-28,Vodní svět Čapkárna,128
2023-10-28,Krytý bazén Poruba,399
2023-10-28,Ozdravné centrum Ještěrka,79
2023-10-28,Vodní areál Jih,0
2023-10-27,Krytý bazén Poruba,519
2023-10-27,Ozdravné centrum Ještěrka,93
2023-10-27,Vodní areál Jih,0
2023-10-27,Letní koupaliště Poruba,0
2023-10-26,Vodní svět Čapkárna,129
2023-10-26,Krytý bazén Poruba,366
2023-10-26,Ozdravné centrum Ještěrka,95
2023-10-26,Vodní areál Jih,0
2023-10-26,Letní koupaliště Poruba,0
2023-10-25,Vodní svět Čapkárna,145
2023-10-25,Krytý bazén Poruba,359
2023-10-25,Ozdravné centrum Ještěrka,95
2023-10-25,Vodní areál Jih,0
2023-10-25,Letní koupaliště Poruba,0
2023-10-24,Vodní svět Čapkárna,224
2023-10-24,Krytý bazén Poruba,324
2023-10-24,Ozdravné centrum Ještěrka,72
2023-10-24,Vodní areál Jih,0
2023-10-24,Letní koupaliště Poruba,0
2023-10-23,Krytý bazén Poruba,301
2023-10-23,Ozdravné centrum Ještěrka,90
2023-10-23,Vodní areál Jih,0
2023-10-23,Letní koupaliště Poruba,0
2023-10-23,Vodní svět Čapkárna,100
2023-10-22,Vodní svět Čapkárna,212
2023-10-22,Krytý bazén Poruba,537
2023-10-22,Ozdravné centrum Ještěrka,100
2023-10-22,Vodní areál Jih,0
2023-10-22,Letní koupaliště Poruba,0
2023-10-21,Ozdravné centrum Ještěrka,51
2023-10-21,Vodní areál Jih,0
2023-10-21,Letní koupaliště Poruba,0
2023-10-21,Vodní svět Čapkárna,142
2023-10-21,Krytý bazén Poruba,325
2023-10-20,Vodní svět Čapkárna,99
2023-10-20,Krytý bazén Poruba,336
2023-10-20,Ozdravné centrum Ještěrka,98
2023-10-20,Vodní areál Jih,0
2023-10-20,Letní koupaliště Poruba,0
2023-10-19,Ozdravné centrum Ještěrka,96
2023-10-19,Vodní areál Jih,0
2023-10-19,Letní koupaliště Poruba,0
2023-10-19,Vodní svět Čapkárna,99
2023-10-19,Krytý bazén Poruba,291
2023-10-18,Vodní svět Čapkárna,140
2023-10-18,Krytý bazén Poruba,332
2023-10-18,Vodní areál Jih,0
2023-10-18,Ozdravné centrum Ještěrka,112
2023-10-18,Letní koupaliště Poruba,0
2023-10-17,Letní koupaliště Poruba,0
2023-10-17,Vodní svět Čapkárna,200
2023-10-17,Krytý bazén Poruba,292
2023-10-17,Ozdravné centrum Ještěrka,119
2023-10-17,Vodní areál Jih,0
2023-10-16,Vodní svět Čapkárna,109
2023-10-16,Krytý bazén Poruba,303
2023-10-16,Ozdravné centrum Ještěrka,83
2023-10-16,Vodní areál Jih,0
2023-10-16,Letní koupaliště Poruba,0
2023-10-15,Vodní svět Čapkárna,150
2023-10-15,Krytý bazén Poruba,438
2023-10-15,Ozdravné centrum Ještěrka,79
2023-10-15,Vodní areál Jih,0
2023-10-15,Letní koupaliště Poruba,0
2023-10-14,Vodní svět Čapkárna,118
2023-10-14,Krytý bazén Poruba,300
2023-10-14,Ozdravné centrum Ještěrka,77
2023-10-14,Vodní areál Jih,0
2023-10-14,Letní koupaliště Poruba,0
2023-10-13,Vodní svět Čapkárna,114
2023-10-13,Krytý bazén Poruba,272
2023-10-13,Ozdravné centrum Ještěrka,119
2023-10-13,Vodní areál Jih,0
2023-10-13,Letní koupaliště Poruba,0
2023-10-12,Krytý bazén Poruba,305
2023-10-12,Ozdravné centrum Ještěrka,88
2023-10-12,Vodní areál Jih,0
2023-10-12,Letní koupaliště Poruba,0
2023-10-12,Vodní svět Čapkárna,110
2023-10-11,Vodní svět Čapkárna,128
2023-10-11,Krytý bazén Poruba,330
2023-10-11,Ozdravné centrum Ještěrka,116
2023-10-11,Vodní areál Jih,0
2023-10-11,Letní koupaliště Poruba,0
2023-10-10,Krytý bazén Poruba,319
2023-10-10,Ozdravné centrum Ještěrka,91
2023-10-10,Vodní areál Jih,0
2023-10-10,Letní koupaliště Poruba,0
2023-10-10,Vodní svět Čapkárna,179
2023-10-09,Vodní svět Čapkárna,85
2023-10-09,Krytý bazén Poruba,288
2023-10-09,Ozdravné centrum Ještěrka,101
2023-10-09,Vodní areál Jih,0
2023-10-09,Letní koupaliště Poruba,0
2023-10-08,Ozdravné centrum Ještěrka,90
2023-10-08,Vodní areál Jih,0
2023-10-08,Letní koupaliště Poruba,0
2023-10-08,Vodní svět Čapkárna,180
2023-10-08,Krytý bazén Poruba,439
2023-10-07,Vodní svět Čapkárna,147
2023-10-07,Krytý bazén Poruba,286
2023-10-07,Ozdravné centrum Ještěrka,45
2023-10-07,Vodní areál Jih,0
2023-10-07,Letní koupaliště Poruba,0
2023-10-06,Vodní areál Jih,0
2023-10-06,Letní koupaliště Poruba,0
2023-10-06,Vodní svět Čapkárna,124
2023-10-06,Krytý bazén Poruba,88
2023-10-06,Ozdravné centrum Ještěrka,106
2023-10-05,Vodní svět Čapkárna,106
2023-10-05,Krytý bazén Poruba,284
2023-10-05,Ozdravné centrum Ještěrka,91
2023-10-05,Vodní areál Jih,0
2023-10-05,Letní koupaliště Poruba,0
2023-10-04,Vodní areál Jih,0
2023-10-04,Letní koupaliště Poruba,0
2023-10-04,Vodní svět Čapkárna,142
2023-10-04,Krytý bazén Poruba,326
2023-10-04,Ozdravné centrum Ještěrka,98
2023-10-03,Vodní svět Čapkárna,228
2023-10-03,Krytý bazén Poruba,312
2023-10-03,Ozdravné centrum Ještěrka,109
2023-10-03,Vodní areál Jih,0
2023-10-03,Letní koupaliště Poruba,0
2023-10-02,Letní koupaliště Poruba,0
2023-10-02,Vodní svět Čapkárna,102
2023-10-02,Krytý bazén Poruba,298
2023-10-02,Ozdravné centrum Ještěrka,86
2023-10-02,Vodní areál Jih,0
2023-10-01,Vodní svět Čapkárna,115
2023-10-01,Krytý bazén Poruba,363
2023-10-01,Ozdravné centrum Ještěrka,66
2023-10-01,Vodní areál Jih,0
2023-10-01,Letní koupaliště Poruba,0
2023-09-30,Vodní svět Čapkárna,212
2023-09-30,Krytý bazén Poruba,362
2023-09-30,Ozdravné centrum Ještěrka,84
2023-09-30,Vodní areál Jih,0
2023-09-30,Letní koupaliště Poruba,0
2023-09-29,Vodní svět Čapkárna,125
2023-09-29,Krytý bazén Poruba,305
2023-09-29,Ozdravné centrum Ještěrka,93
2023-09-29,Vodní areál Jih,0
2023-09-29,Letní koupaliště Poruba,0
2023-09-28,Vodní svět Čapkárna,130
2023-09-28,Krytý bazén Poruba,323
2023-09-28,Ozdravné centrum Ještěrka,66
2023-09-28,Vodní areál Jih,0
2023-09-28,Letní koupaliště Poruba,0
2023-09-27,Vodní svět Čapkárna,116
2023-09-27,Krytý bazén Poruba,268
2023-09-27,Ozdravné centrum Ještěrka,73
2023-09-27,Vodní areál Jih,0
2023-09-27,Letní koupaliště Poruba,0
2023-09-26,Vodní svět Čapkárna,126
2023-09-26,Krytý bazén Poruba,249
2023-09-26,Ozdravné centrum Ještěrka,97
2023-09-26,Vodní areál Jih,0
2023-09-26,Letní koupaliště Poruba,0
2023-09-25,Krytý bazén Poruba,287
2023-09-25,Ozdravné centrum Ještěrka,87
2023-09-25,Vodní areál Jih,0
2023-09-25,Letní koupaliště Poruba,0
2023-09-25,Vodní svět Čapkárna,80
2023-09-24,Vodní svět Čapkárna,146
2023-09-24,Krytý bazén Poruba,346
2023-09-24,Ozdravné centrum Ještěrka,99
2023-09-24,Vodní areál Jih,0
2023-09-24,Letní koupaliště Poruba,0
2023-09-23,Ozdravné centrum Ještěrka,80
2023-09-23,Vodní areál Jih,0
2023-09-23,Letní koupaliště Poruba,0
2023-09-23,Vodní svět Čapkárna,176
2023-09-23,Krytý bazén Poruba,322
2023-09-22,Vodní svět Čapkárna,103
2023-09-22,Krytý bazén Poruba,0
2023-09-22,Ozdravné centrum Ještěrka,103
2023-09-22,Vodní areál Jih,0
2023-09-22,Letní koupaliště Poruba,0
2023-09-21,Ozdravné centrum Ještěrka,116
2023-09-21,Vodní areál Jih,0
2023-09-21,Letní koupaliště Poruba,0
2023-09-21,Vodní svět Čapkárna,114
2023-09-21,Krytý bazén Poruba,0
2023-09-20,Vodní svět Čapkárna,132
2023-09-20,Krytý bazén Poruba,0
2023-09-20,Ozdravné centrum Ještěrka,91
2023-09-20,Vodní areál Jih,0
2023-09-20,Letní koupaliště Poruba,0
2023-09-19,Vodní areál Jih,0
2023-09-19,Letní koupaliště Poruba,0
2023-09-19,Vodní svět Čapkárna,146
2023-09-19,Krytý bazén Poruba,0
2023-09-19,Ozdravné centrum Ještěrka,117
2023-09-18,Vodní svět Čapkárna,113
2023-09-18,Krytý bazén Poruba,0
2023-09-18,Ozdravné centrum Ještěrka,94
2023-09-18,Vodní areál Jih,0
2023-09-18,Letní koupaliště Poruba,0
2023-09-17,Letní koupaliště Poruba,0
2023-09-17,Vodní svět Čapkárna,254
2023-09-17,Krytý bazén Poruba,0
2023-09-17,Ozdravné centrum Ještěrka,82
2023-09-17,Vodní areál Jih,0
2023-09-16,Vodní svět Čapkárna,197
2023-09-16,Krytý bazén Poruba,0
2023-09-16,Ozdravné centrum Ještěrka,90
2023-09-16,Vodní areál Jih,0
2023-09-16,Letní koupaliště Poruba,0
2023-09-15,Letní koupaliště Poruba,0
2023-09-15,Vodní svět Čapkárna,135
2023-09-15,Krytý bazén Poruba,0
2023-09-15,Ozdravné centrum Ještěrka,0
2023-09-15,Vodní areál Jih,0
2023-09-14,Vodní svět Čapkárna,165
2023-09-14,Krytý bazén Poruba,0
2023-09-14,Ozdravné centrum Ještěrka,2
2023-09-14,Vodní areál Jih,0
2023-09-14,Letní koupaliště Poruba,0
2023-09-13,Vodní svět Čapkárna,210
2023-09-13,Krytý bazén Poruba,0
2023-09-13,Ozdravné centrum Ještěrka,0
2023-09-13,Vodní areál Jih,0
2023-09-13,Letní koupaliště Poruba,0
2023-09-12,Vodní svět Čapkárna,220
2023-09-12,Krytý bazén Poruba,0
2023-09-12,Ozdravné centrum Ještěrka,0
2023-09-12,Vodní areál Jih,0
2023-09-12,Letní koupaliště Poruba,0
2023-09-11,Vodní svět Čapkárna,209
2023-09-11,Krytý bazén Poruba,0
2023-09-11,Ozdravné centrum Ještěrka,0
2023-09-11,Vodní areál Jih,0
2023-09-11,Letní koupaliště Poruba,0
2023-09-10,Krytý bazén Poruba,0
2023-09-10,Ozdravné centrum Ještěrka,0
2023-09-10,Vodní areál Jih,1159
2023-09-10,Letní koupaliště Poruba,1752
2023-09-10,Vodní svět Čapkárna,259
2023-09-09,Vodní svět Čapkárna,230
2023-09-09,Krytý bazén Poruba,0
2023-09-09,Ozdravné centrum Ještěrka,0
2023-09-09,Vodní areál Jih,622
2023-09-09,Letní koupaliště Poruba,890
2023-09-08,Krytý bazén Poruba,0
2023-09-08,Ozdravné centrum Ještěrka,0
2023-09-08,Vodní areál Jih,162
2023-09-08,Letní koupaliště Poruba,20
2023-09-08,Vodní svět Čapkárna,172
2023-09-07,Vodní svět Čapkárna,151
2023-09-07,Krytý bazén Poruba,0
2023-09-07,Ozdravné centrum Ještěrka,0
2023-09-07,Vodní areál Jih,0
2023-09-07,Letní koupaliště Poruba,17
2023-09-06,Ozdravné centrum Ještěrka,0
2023-09-06,Vodní areál Jih,0
2023-09-06,Letní koupaliště Poruba,16
2023-09-06,Vodní svět Čapkárna,219
2023-09-06,Krytý bazén Poruba,0
2023-09-05,Vodní svět Čapkárna,181
2023-09-05,Krytý bazén Poruba,0
2023-09-05,Ozdravné centrum Ještěrka,0
2023-09-05,Vodní areál Jih,0
2023-09-05,Letní koupaliště Poruba,0
2023-09-04,Vodní areál Jih,0
2023-09-04,Letní koupaliště Poruba,0
2023-09-04,Vodní svět Čapkárna,187
2023-09-04,Krytý bazén Poruba,0
2023-09-04,Ozdravné centrum Ještěrka,0
2023-09-03,Vodní svět Čapkárna,210
2023-09-03,Krytý bazén Poruba,40
2023-09-03,Ozdravné centrum Ještěrka,120
2023-09-03,Vodní areál Jih,0
2023-09-03,Letní koupaliště Poruba,0
2023-09-02,Vodní areál Jih,0
2023-09-02,Letní koupaliště Poruba,0
2023-09-02,Vodní svět Čapkárna,152
2023-09-02,Krytý bazén Poruba,47
2023-09-02,Ozdravné centrum Ještěrka,53
2023-09-01,Vodní svět Čapkárna,171
2023-09-01,Krytý bazén Poruba,0
2023-09-01,Ozdravné centrum Ještěrka,83
2023-09-01,Vodní areál Jih,0
2023-09-01,Letní koupaliště Poruba,0
2023-08-31,Letní koupaliště Poruba,0
2023-08-31,Vodní svět Čapkárna,258
2023-08-31,Krytý bazén Poruba,0
2023-08-31,Ozdravné centrum Ještěrka,115
2023-08-31,Vodní areál Jih,0
2023-08-30,Vodní svět Čapkárna,328
2023-08-30,Krytý bazén Poruba,0
2023-08-30,Ozdravné centrum Ještěrka,103
2023-08-30,Vodní areál Jih,0
2023-08-30,Letní koupaliště Poruba,0
2023-08-29,Letní koupaliště Poruba,0
2023-08-29,Vodní svět Čapkárna,303
2023-08-29,Ozdravné centrum Ještěrka,99
2023-08-29,Krytý bazén Poruba,0
2023-08-29,Vodní areál Jih,0
2023-08-28,Krytý bazén Poruba,1
2023-08-28,Vodní areál Jih,0
2023-08-28,Letní koupaliště Poruba,0
2023-08-28,Ozdravné centrum Ještěrka,78
2023-08-28,Vodní svět Čapkárna,211
2023-08-27,Vodní svět Čapkárna,214
2023-08-27,Vodní areál Jih,0
2023-08-27,Ozdravné centrum Ještěrka,121
2023-08-27,Letní koupaliště Poruba,280
2023-08-27,Krytý bazén Poruba,139
2023-08-26,Vodní svět Čapkárna,295
2023-08-26,Vodní areál Jih,101
2023-08-26,Ozdravné centrum Ještěrka,106
2023-08-26,Letní koupaliště Poruba,161
2023-08-26,Krytý bazén Poruba,103
2023-08-25,Vodní svět Čapkárna,673
2023-08-25,Vodní areál Jih,1302
2023-08-25,Ozdravné centrum Ještěrka,134
2023-08-25,Letní koupaliště Poruba,1630
2023-08-25,Krytý bazén Poruba,530
2023-08-24,Krytý bazén Poruba,606
2023-08-24,Vodní svět Čapkárna,706
2023-08-24,Vodní areál Jih,1874
2023-08-24,Ozdravné centrum Ještěrka,193
2023-08-24,Letní koupaliště Poruba,2244
2023-08-23,Vodní areál Jih,362
2023-08-23,Ozdravné centrum Ještěrka,98
2023-08-23,Letní koupaliště Poruba,744
2023-08-23,Krytý bazén Poruba,245
2023-08-23,Vodní svět Čapkárna,348
2023-08-22,Vodní svět Čapkárna,1174
2023-08-22,Vodní areál Jih,2293
2023-08-22,Ozdravné centrum Ještěrka,232
2023-08-22,Letní koupaliště Poruba,2911
2023-08-22,Krytý bazén Poruba,860
2023-08-21,Vodní svět Čapkárna,670
2023-08-21,Vodní areál Jih,1473
2023-08-21,Ozdravné centrum Ještěrka,180
2023-08-21,Letní koupaliště Poruba,2148
2023-08-21,Krytý bazén Poruba,592
2023-08-20,Vodní svět Čapkárna,1498
2023-08-20,Vodní areál Jih,3940
2023-08-20,Ozdravné centrum Ještěrka,304
2023-08-20,Letní koupaliště Poruba,7564
2023-08-20,Krytý bazén Poruba,1000
2023-08-19,Vodní svět Čapkárna,1216
2023-08-19,Vodní areál Jih,2993
2023-08-19,Ozdravné centrum Ještěrka,197
2023-08-19,Letní koupaliště Poruba,4657
2023-08-19,Krytý bazén Poruba,839
2023-08-18,Vodní svět Čapkárna,340
2023-08-18,Vodní areál Jih,310
2023-08-18,Ozdravné centrum Ještěrka,105
2023-08-18,Letní koupaliště Poruba,443
2023-08-18,Krytý bazén Poruba,199
2023-08-17,Vodní svět Čapkárna,497
2023-08-17,Vodní areál Jih,299
2023-08-17,Ozdravné centrum Ještěrka,144
2023-08-17,Letní koupaliště Poruba,357
2023-08-17,Krytý bazén Poruba,183
2023-08-16,Vodní svět Čapkárna,903
2023-08-16,Ozdravné centrum Ještěrka,208
2023-08-16,Letní koupaliště Poruba,2214
2023-08-16,Krytý bazén Poruba,716
2023-08-16,Vodní areál Jih,1569
2023-08-15,Vodní areál Jih,3709
2023-08-15,Vodní svět Čapkárna,1500
2023-08-15,Ozdravné centrum Ještěrka,242
2023-08-15,Letní koupaliště Poruba,6168
2023-08-15,Krytý bazén Poruba,1265
2023-08-14,Vodní areál Jih,1762
2023-08-14,Vodní svět Čapkárna,866
2023-08-14,Ozdravné centrum Ještěrka,170
2023-08-14,Letní koupaliště Poruba,2402
2023-08-14,Krytý bazén Poruba,930
2023-08-13,Vodní areál Jih,1447
2023-08-13,Vodní svět Čapkárna,728
2023-08-13,Ozdravné centrum Ještěrka,173
2023-08-13,Letní koupaliště Poruba,2903
2023-08-13,Krytý bazén Poruba,1320
2023-08-12,Krytý bazén Poruba,810
2023-08-12,Vodní areál Jih,472
2023-08-12,Vodní svět Čapkárna,309
2023-08-12,Ozdravné centrum Ještěrka,92
2023-08-12,Letní koupaliště Poruba,756
2023-08-11,Krytý bazén Poruba,575
2023-08-11,Vodní areál Jih,92
2023-08-11,Vodní svět Čapkárna,147
2023-08-11,Ozdravné centrum Ještěrka,78
2023-08-11,Letní koupaliště Poruba,10
2023-08-10,Letní koupaliště Poruba,0
2023-08-10,Krytý bazén Poruba,393
2023-08-10,Vodní areál Jih,0
2023-08-10,Vodní svět Čapkárna,137
2023-08-10,Ozdravné centrum Ještěrka,86
2023-08-09,Letní koupaliště Poruba,0
2023-08-09,Krytý bazén Poruba,498
2023-08-09,Vodní areál Jih,0
2023-08-09,Vodní svět Čapkárna,250
2023-08-09,Ozdravné centrum Ještěrka,104
2023-08-08,Ozdravné centrum Ještěrka,105
2023-08-08,Letní koupaliště Poruba,0
2023-08-08,Krytý bazén Poruba,480
2023-08-08,Vodní areál Jih,0
2023-08-08,Vodní svět Čapkárna,168
2023-08-07,Ozdravné centrum Ještěrka,80
2023-08-07,Letní koupaliště Poruba,0
2023-08-07,Krytý bazén Poruba,532
2023-08-07,Vodní areál Jih,0
2023-08-07,Vodní svět Čapkárna,208
2023-08-06,Vodní svět Čapkárna,249
2023-08-06,Ozdravné centrum Ještěrka,126
2023-08-06,Letní koupaliště Poruba,0
2023-08-06,Krytý bazén Poruba,803
2023-08-06,Vodní areál Jih,0
2023-08-05,Vodní svět Čapkárna,314
2023-08-05,Ozdravné centrum Ještěrka,115
2023-08-05,Letní koupaliště Poruba,0
2023-08-05,Krytý bazén Poruba,543
2023-08-05,Vodní areál Jih,0
2023-08-04,Vodní areál Jih,2
2023-08-04,Vodní svět Čapkárna,165
2023-08-04,Ozdravné centrum Ještěrka,113
2023-08-04,Letní koupaliště Poruba,0
2023-08-04,Krytý bazén Poruba,420
2023-08-03,Vodní areál Jih,0
2023-08-03,Vodní svět Čapkárna,210
2023-08-03,Ozdravné centrum Ještěrka,96
2023-08-03,Letní koupaliště Poruba,0
2023-08-03,Krytý bazén Poruba,472
2023-08-02,Krytý bazén Poruba,522
2023-08-02,Vodní areál Jih,49
2023-08-02,Vodní svět Čapkárna,210
2023-08-02,Ozdravné centrum Ještěrka,104
2023-08-02,Letní koupaliště Poruba,2
2023-08-01,Krytý bazén Poruba,599
2023-08-01,Vodní areál Jih,0
2023-08-01,Ozdravné centrum Ještěrka,113
2023-08-01,Vodní svět Čapkárna,207
2023-08-01,Letní koupaliště Poruba,0
2023-07-31,Letní koupaliště Poruba,16
2023-07-31,Krytý bazén Poruba,502
2023-07-31,Vodní areál Jih,90
2023-07-31,Ozdravné centrum Ještěrka,95
2023-07-31,Vodní svět Čapkárna,116
2023-07-30,Letní koupaliště Poruba,89
2023-07-30,Krytý bazén Poruba,546
2023-07-30,Vodní areál Jih,29
2023-07-30,Ozdravné centrum Ještěrka,77
2023-07-30,Vodní svět Čapkárna,33
2023-07-29,Letní koupaliště Poruba,132
2023-07-29,Krytý bazén Poruba,518
2023-07-29,Vodní areál Jih,53
2023-07-29,Ozdravné centrum Ještěrka,57
2023-07-29,Vodní svět Čapkárna,60
2023-07-28,Letní koupaliště Poruba,0
2023-07-28,Krytý bazén Poruba,447
2023-07-28,Vodní areál Jih,0
2023-07-28,Ozdravné centrum Ještěrka,91
2023-07-28,Vodní svět Čapkárna,0
2023-07-27,Letní koupaliště Poruba,0
2023-07-27,Krytý bazén Poruba,383
2023-07-27,Vodní areál Jih,62
2023-07-27,Ozdravné centrum Ještěrka,93
2023-07-27,Vodní svět Čapkárna,0
2023-07-26,Vodní svět Čapkárna,0
2023-07-26,Letní koupaliště Poruba,0
2023-07-26,Krytý bazén Poruba,564
2023-07-26,Vodní areál Jih,0
2023-07-26,Ozdravné centrum Ještěrka,118
2023-07-25,Ozdravné centrum Ještěrka,112
2023-07-25,Vodní svět Čapkárna,8
2023-07-25,Letní koupaliště Poruba,0
2023-07-25,Krytý bazén Poruba,609
2023-07-25,Vodní areál Jih,34
2023-07-24,Vodní areál Jih,612
2023-07-24,Ozdravné centrum Ještěrka,117
2023-07-24,Vodní svět Čapkárna,223
2023-07-24,Letní koupaliště Poruba,902
2023-07-24,Krytý bazén Poruba,900
2023-07-23,Vodní areál Jih,1196
2023-07-23,Ozdravné centrum Ještěrka,105
2023-07-23,Vodní svět Čapkárna,425
2023-07-23,Letní koupaliště Poruba,2356
2023-07-23,Krytý bazén Poruba,994
2023-07-22,Krytý bazén Poruba,458
2023-07-22,Vodní areál Jih,98
2023-07-22,Ozdravné centrum Ještěrka,70
2023-07-22,Vodní svět Čapkárna,75
2023-07-22,Letní koupaliště Poruba,153
2023-07-21,Krytý bazén Poruba,399
2023-07-21,Vodní areál Jih,16
2023-07-21,Ozdravné centrum Ještěrka,87
2023-07-21,Vodní svět Čapkárna,77
2023-07-21,Letní koupaliště Poruba,76
2023-07-20,Letní koupaliště Poruba,153
2023-07-20,Krytý bazén Poruba,551
2023-07-20,Vodní areál Jih,158
2023-07-20,Ozdravné centrum Ještěrka,103
2023-07-20,Vodní svět Čapkárna,116
2023-07-19,Letní koupaliště Poruba,1018
2023-07-19,Krytý bazén Poruba,891
2023-07-19,Vodní areál Jih,802
2023-07-19,Ozdravné centrum Ještěrka,136
2023-07-19,Vodní svět Čapkárna,321
2023-07-18,Letní koupaliště Poruba,1328
2023-07-18,Krytý bazén Poruba,904
2023-07-18,Vodní areál Jih,967
2023-07-18,Ozdravné centrum Ještěrka,170
2023-07-18,Vodní svět Čapkárna,395
2023-07-17,Letní koupaliště Poruba,31
2023-07-17,Krytý bazén Poruba,528
2023-07-17,Vodní areál Jih,15
2023-07-17,Ozdravné centrum Ještěrka,35
2023-07-17,Vodní svět Čapkárna,1
2023-07-16,Vodní svět Čapkárna,885
2023-07-16,Letní koupaliště Poruba,6135
2023-07-16,Krytý bazén Poruba,1466
2023-07-16,Vodní areál Jih,2260
2023-07-16,Ozdravné centrum Ještěrka,273
2023-07-15,Ozdravné centrum Ještěrka,260
2023-07-15,Vodní svět Čapkárna,1626
2023-07-15,Letní koupaliště Poruba,6380
2023-07-15,Krytý bazén Poruba,1616
2023-07-15,Vodní areál Jih,3548
2023-07-14,Vodní areál Jih,492
2023-07-14,Ozdravné centrum Ještěrka,106
2023-07-14,Vodní svět Čapkárna,277
2023-07-14,Letní koupaliště Poruba,715
2023-07-14,Krytý bazén Poruba,688
2023-07-13,Vodní areál Jih,0
2023-07-13,Ozdravné centrum Ještěrka,66
2023-07-13,Vodní svět Čapkárna,0
2023-07-13,Letní koupaliště Poruba,0
2023-07-13,Krytý bazén Poruba,460
2023-07-12,Vodní areál Jih,219
2023-07-12,Ozdravné centrum Ještěrka,98
2023-07-12,Vodní svět Čapkárna,169
2023-07-12,Letní koupaliště Poruba,268
2023-07-12,Krytý bazén Poruba,623
2023-07-11,Krytý bazén Poruba,1131
2023-07-11,Vodní areál Jih,1278
2023-07-11,Ozdravné centrum Ještěrka,148
2023-07-11,Vodní svět Čapkárna,489
2023-07-11,Letní koupaliště Poruba,1581
2023-07-10,Krytý bazén Poruba,724
2023-07-10,Vodní areál Jih,545
2023-07-10,Ozdravné centrum Ještěrka,133
2023-07-10,Vodní svět Čapkárna,285
2023-07-10,Letní koupaliště Poruba,917
2023-07-09,Letní koupaliště Poruba,7143
2023-07-09,Krytý bazén Poruba,1701
2023-07-09,Vodní areál Jih,3104
2023-07-09,Ozdravné centrum Ještěrka,0
2023-07-09,Vodní svět Čapkárna,1519
2023-07-08,Letní koupaliště Poruba,4308
2023-07-08,Krytý bazén Poruba,1315
2023-07-08,Vodní areál Jih,2417
2023-07-08,Ozdravné centrum Ještěrka,171
2023-07-08,Vodní svět Čapkárna,1200
2023-07-07,Letní koupaliště Poruba,1444
2023-07-07,Krytý bazén Poruba,871
2023-07-07,Vodní areál Jih,977
2023-07-07,Ozdravné centrum Ještěrka,113
2023-07-07,Vodní svět Čapkárna,561
2023-07-06,Letní koupaliště Poruba,3
2023-07-06,Krytý bazén Poruba,432
2023-07-06,Vodní areál Jih,40
2023-07-06,Ozdravné centrum Ještěrka,74
2023-07-06,Vodní svět Čapkárna,137
2023-07-05,Vodní svět Čapkárna,543
2023-07-05,Letní koupaliště Poruba,1321
2023-07-05,Krytý bazén Poruba,963
2023-07-05,Vodní areál Jih,1065
2023-07-05,Ozdravné centrum Ještěrka,115
2023-07-04,Ozdravné centrum Ještěrka,117
2023-07-04,Vodní svět Čapkárna,332
2023-07-04,Letní koupaliště Poruba,765
2023-07-04,Krytý bazén Poruba,748
2023-07-04,Vodní areál Jih,528
2023-07-03,Vodní areál Jih,336
2023-07-03,Ozdravné centrum Ještěrka,86
2023-07-03,Vodní svět Čapkárna,233
2023-07-03,Letní koupaliště Poruba,441
2023-07-03,Krytý bazén Poruba,659
2023-07-02,Vodní areál Jih,117
2023-07-02,Ozdravné centrum Ještěrka,98
2023-07-02,Vodní svět Čapkárna,203
2023-07-02,Letní koupaliště Poruba,166
2023-07-02,Krytý bazén Poruba,557
2023-07-01,Krytý bazén Poruba,486
2023-07-01,Vodní areál Jih,0
2023-07-01,Ozdravné centrum Ještěrka,102
2023-07-01,Vodní svět Čapkárna,235
2023-07-01,Letní koupaliště Poruba,0
